This file contains any messages produced by compilers while
running configure, to aid debugging if configure makes a mistake.

It was created by fftw configure 3.3.9, which was
generated by GNU Autoconf 2.69.  Invocation command line was

  $ ./configure --prefix=/home/loayza/Documents/Research/cosmolattice/dependencies/MyLibs --enable-mpi --enable-threads --enable-sse2 --enable-avx --disable-shared --enable-static

## --------- ##
## Platform. ##
## --------- ##

hostname = fzulenovo
uname -m = x86_64
uname -r = 6.17.0-7-generic
uname -s = Linux
uname -v = #7-Ubuntu SMP PREEMPT_DYNAMIC Sat Oct 18 10:10:29 UTC 2025

/usr/bin/uname -p = unknown
/bin/uname -X     = unknown

/bin/arch              = x86_64
/usr/bin/arch -k       = unknown
/usr/convex/getsysinfo = unknown
/usr/bin/hostinfo      = unknown
/bin/machine           = unknown
/usr/bin/oslevel       = unknown
/bin/universe          = unknown

PATH: /usr/local/sbin
PATH: /usr/local/bin
PATH: /usr/sbin
PATH: /usr/bin
PATH: /sbin
PATH: /bin
PATH: /usr/games
PATH: /usr/local/games
PATH: /snap/bin
PATH: /snap/bin


## ----------- ##
## Core tests. ##
## ----------- ##

configure:2878: checking for a BSD-compatible install
configure:2946: result: /usr/bin/install -c
configure:2957: checking whether build environment is sane
configure:3012: result: yes
configure:3163: checking for a thread-safe mkdir -p
configure:3202: result: ./install-sh -c -d
configure:3209: checking for gawk
configure:3225: found /usr/bin/gawk
configure:3236: result: gawk
configure:3247: checking whether make sets $(MAKE)
configure:3269: result: yes
configure:3298: checking whether make supports nested variables
configure:3315: result: yes
configure:3445: checking whether to enable maintainer-specific portions of Makefiles
configure:3454: result: no
configure:3502: checking build system type
configure:3516: result: x86_64-pc-linux-gnu
configure:3536: checking host system type
configure:3549: result: x86_64-pc-linux-gnu
configure:4183: checking for gcc
configure:4199: found /usr/bin/gcc
configure:4210: result: gcc
configure:4439: checking for C compiler version
configure:4448: gcc --version >&5
gcc (Ubuntu 15.2.0-4ubuntu4) 15.2.0
Copyright (C) 2025 Free Software Foundation, Inc.
This is free software; see the source for copying conditions.  There is NO
warranty; not even for MERCHANTABILITY or FITNESS FOR A PARTICULAR PURPOSE.

configure:4459: $? = 0
configure:4448: gcc -v >&5
Using built-in specs.
COLLECT_GCC=gcc
COLLECT_LTO_WRAPPER=/usr/libexec/gcc/x86_64-linux-gnu/15/lto-wrapper
OFFLOAD_TARGET_NAMES=nvptx-none:amdgcn-amdhsa
OFFLOAD_TARGET_DEFAULT=1
Target: x86_64-linux-gnu
Configured with: ../src/configure -v --with-pkgversion='Ubuntu 15.2.0-4ubuntu4' --with-bugurl=file:///usr/share/doc/gcc-15/README.Bugs --enable-languages=c,ada,c++,go,d,fortran,objc,obj-c++,m2,rust,cobol,algol68 --prefix=/usr --with-gcc-major-version-only --program-suffix=-15 --program-prefix=x86_64-linux-gnu- --enable-shared --enable-linker-build-id --libexecdir=/usr/libexec --without-included-gettext --enable-threads=posix --libdir=/usr/lib --enable-nls --enable-bootstrap --enable-clocale=gnu --enable-libstdcxx-debug --enable-libstdcxx-time=yes --with-default-libstdcxx-abi=new --enable-libstdcxx-backtrace --enable-gnu-unique-object --disable-vtable-verify --enable-plugin --enable-default-pie --with-system-zlib --enable-libphobos-checking=release --with-target-system-zlib=auto --enable-objc-gc=auto --enable-multiarch --disable-werror --enable-cet --with-arch-32=i686 --with-abi=m64 --with-multilib-list=m32,m64,mx32 --enable-multilib --with-tune=generic --enable-offload-targets=nvptx-none=/build/gcc-15-deiAlw/gcc-15-15.2.0/debian/tmp-nvptx/usr,amdgcn-amdhsa=/build/gcc-15-deiAlw/gcc-15-15.2.0/debian/tmp-gcn/usr --enable-offload-defaulted --without-cuda-driver --enable-checking=release --build=x86_64-linux-gnu --host=x86_64-linux-gnu --target=x86_64-linux-gnu --with-build-config=bootstrap-lto-lean --enable-link-serialization=2
Thread model: posix
Supported LTO compression algorithms: zlib zstd
gcc version 15.2.0 (Ubuntu 15.2.0-4ubuntu4) 
... rest of stderr output deleted ...
configure:4459: $? = 0
configure:4448: gcc -V >&5
gcc: error: unrecognized command-line option '-V'
gcc: fatal error: no input files
compilation terminated.
configure:4459: $? = 1
configure:4448: gcc -qversion >&5
gcc: error: unrecognized command-line option '-qversion'; did you mean '--version'?
gcc: fatal error: no input files
compilation terminated.
configure:4459: $? = 1
configure:4479: checking whether the C compiler works
configure:4501: gcc    conftest.c  >&5
configure:4505: $? = 0
configure:4553: result: yes
configure:4556: checking for C compiler default output file name
configure:4558: result: a.out
configure:4564: checking for suffix of executables
configure:4571: gcc -o conftest    conftest.c  >&5
configure:4575: $? = 0
configure:4597: result: 
configure:4619: checking whether we are cross compiling
configure:4627: gcc -o conftest    conftest.c  >&5
configure:4631: $? = 0
configure:4638: ./conftest
configure:4642: $? = 0
configure:4657: result: no
configure:4662: checking for suffix of object files
configure:4684: gcc -c   conftest.c >&5
configure:4688: $? = 0
configure:4709: result: o
configure:4713: checking whether we are using the GNU C compiler
configure:4732: gcc -c   conftest.c >&5
configure:4732: $? = 0
configure:4741: result: yes
configure:4750: checking whether gcc accepts -g
configure:4770: gcc -c -g  conftest.c >&5
configure:4770: $? = 0
configure:4811: result: yes
configure:4828: checking for gcc option to accept ISO C89
configure:4891: gcc  -c -g -O2  conftest.c >&5
conftest.c: In function 'e':
conftest.c:20:14: warning: old-style function definition [-Wold-style-definition]
   20 | static char *e (p, i)
      |              ^
configure:4891: $? = 0
configure:4904: result: none needed
configure:4929: checking whether gcc understands -c and -o together
configure:4951: gcc -c conftest.c -o conftest2.o
configure:4954: $? = 0
configure:4951: gcc -c conftest.c -o conftest2.o
configure:4954: $? = 0
configure:4966: result: yes
configure:4986: checking whether make supports the include directive
configure:5001: make -f confmf.GNU && cat confinc.out
this is the am__doit target
configure:5004: $? = 0
configure:5023: result: yes (GNU style)
configure:5048: checking dependency style of gcc
configure:5159: result: gcc3
configure:5177: checking for C compiler vendor
configure:5201: gcc -c -g -O2  conftest.c >&5
conftest.c: In function 'main':
conftest.c:20:7: error: 'thisisanerror' undeclared (first use in this function)
   20 |       thisisanerror;
      |       ^~~~~~~~~~~~~
conftest.c:20:7: note: each undeclared identifier is reported only once for each function it appears in
configure:5201: $? = 1
configure: failed program was:
| /* confdefs.h */
| #define PACKAGE_NAME "fftw"
| #define PACKAGE_TARNAME "fftw"
| #define PACKAGE_VERSION "3.3.9"
| #define PACKAGE_STRING "fftw 3.3.9"
| #define PACKAGE_BUGREPORT "fftw@fftw.org"
| #define PACKAGE_URL ""
| #define PACKAGE "fftw"
| #define VERSION "3.3.9"
| #define FFTW_ENABLE_ALLOCA 1
| #define HAVE_SSE2 1
| #define HAVE_AVX 1
| /* end confdefs.h.  */
| 
| int
| main ()
| {
| 
| #if !(defined(__ICC) || defined(__ECC) || defined(__INTEL_COMPILER))
|       thisisanerror;
| #endif
| 
|   ;
|   return 0;
| }
configure:5201: gcc -c -g -O2  conftest.c >&5
conftest.c: In function 'main':
conftest.c:20:7: error: 'thisisanerror' undeclared (first use in this function)
   20 |       thisisanerror;
      |       ^~~~~~~~~~~~~
conftest.c:20:7: note: each undeclared identifier is reported only once for each function it appears in
configure:5201: $? = 1
configure: failed program was:
| /* confdefs.h */
| #define PACKAGE_NAME "fftw"
| #define PACKAGE_TARNAME "fftw"
| #define PACKAGE_VERSION "3.3.9"
| #define PACKAGE_STRING "fftw 3.3.9"
| #define PACKAGE_BUGREPORT "fftw@fftw.org"
| #define PACKAGE_URL ""
| #define PACKAGE "fftw"
| #define VERSION "3.3.9"
| #define FFTW_ENABLE_ALLOCA 1
| #define HAVE_SSE2 1
| #define HAVE_AVX 1
| /* end confdefs.h.  */
| 
| int
| main ()
| {
| 
| #if !(defined(__ibmxl__) || defined(__xlc__) || defined(__xlC__) || defined(__IBMC__) || defined(__IBMCPP__))
|       thisisanerror;
| #endif
| 
|   ;
|   return 0;
| }
configure:5201: gcc -c -g -O2  conftest.c >&5
conftest.c: In function 'main':
conftest.c:20:7: error: 'thisisanerror' undeclared (first use in this function)
   20 |       thisisanerror;
      |       ^~~~~~~~~~~~~
conftest.c:20:7: note: each undeclared identifier is reported only once for each function it appears in
configure:5201: $? = 1
configure: failed program was:
| /* confdefs.h */
| #define PACKAGE_NAME "fftw"
| #define PACKAGE_TARNAME "fftw"
| #define PACKAGE_VERSION "3.3.9"
| #define PACKAGE_STRING "fftw 3.3.9"
| #define PACKAGE_BUGREPORT "fftw@fftw.org"
| #define PACKAGE_URL ""
| #define PACKAGE "fftw"
| #define VERSION "3.3.9"
| #define FFTW_ENABLE_ALLOCA 1
| #define HAVE_SSE2 1
| #define HAVE_AVX 1
| /* end confdefs.h.  */
| 
| int
| main ()
| {
| 
| #if !(defined(__PATHCC__) || defined(__PATHSCALE__))
|       thisisanerror;
| #endif
| 
|   ;
|   return 0;
| }
configure:5201: gcc -c -g -O2  conftest.c >&5
conftest.c: In function 'main':
conftest.c:20:7: error: 'thisisanerror' undeclared (first use in this function)
   20 |       thisisanerror;
      |       ^~~~~~~~~~~~~
conftest.c:20:7: note: each undeclared identifier is reported only once for each function it appears in
configure:5201: $? = 1
configure: failed program was:
| /* confdefs.h */
| #define PACKAGE_NAME "fftw"
| #define PACKAGE_TARNAME "fftw"
| #define PACKAGE_VERSION "3.3.9"
| #define PACKAGE_STRING "fftw 3.3.9"
| #define PACKAGE_BUGREPORT "fftw@fftw.org"
| #define PACKAGE_URL ""
| #define PACKAGE "fftw"
| #define VERSION "3.3.9"
| #define FFTW_ENABLE_ALLOCA 1
| #define HAVE_SSE2 1
| #define HAVE_AVX 1
| /* end confdefs.h.  */
| 
| int
| main ()
| {
| 
| #if !(defined(__clang__))
|       thisisanerror;
| #endif
| 
|   ;
|   return 0;
| }
configure:5201: gcc -c -g -O2  conftest.c >&5
configure:5201: $? = 0
configure:5208: result: gnu
configure:5215: checking for gcc option to accept ISO C99
configure:5364: gcc  -c -g -O2  conftest.c >&5
configure:5364: $? = 0
configure:5377: result: none needed
configure:5485: checking for gcc option to accept ISO Standard C
configure:5496: result: none needed
configure:5504: checking whether ln -s works
configure:5508: result: yes
configure:5515: checking whether make sets $(MAKE)
configure:5537: result: yes
configure:5895: checking how to print strings
configure:5922: result: printf
configure:5943: checking for a sed that does not truncate output
configure:6007: result: /usr/bin/sed
configure:6025: checking for grep that handles long lines and -e
configure:6083: result: /usr/bin/grep
configure:6088: checking for egrep
configure:6150: result: /usr/bin/grep -E
configure:6155: checking for fgrep
configure:6217: result: /usr/bin/grep -F
configure:6252: checking for ld used by gcc
configure:6319: result: /usr/bin/x86_64-linux-gnu-ld
configure:6326: checking if the linker (/usr/bin/x86_64-linux-gnu-ld) is GNU ld
configure:6341: result: yes
configure:6353: checking for BSD- or MS-compatible name lister (nm)
configure:6407: result: /usr/bin/nm -B
configure:6537: checking the name lister (/usr/bin/nm -B) interface
configure:6544: gcc -c -g -O2  conftest.c >&5
configure:6547: /usr/bin/nm -B "conftest.o"
configure:6550: output
0000000000000000 B some_variable
configure:6557: result: BSD nm
configure:6561: checking the maximum length of command line arguments
configure:6692: result: 1572864
configure:6740: checking how to convert x86_64-pc-linux-gnu file names to x86_64-pc-linux-gnu format
configure:6780: result: func_convert_file_noop
configure:6787: checking how to convert x86_64-pc-linux-gnu file names to toolchain format
configure:6807: result: func_convert_file_noop
configure:6814: checking for /usr/bin/x86_64-linux-gnu-ld option to reload object files
configure:6821: result: -r
configure:6895: checking for objdump
configure:6922: result: objdump
configure:6951: checking how to recognize dependent libraries
configure:7151: result: pass_all
configure:7236: checking for dlltool
configure:7263: result: dlltool
configure:7293: checking how to associate runtime and link libraries
configure:7320: result: printf %s\n
configure:7380: checking for ar
configure:7396: found /usr/bin/ar
configure:7407: result: ar
configure:7444: checking for archiver @FILE support
configure:7461: gcc -c -g -O2  conftest.c >&5
configure:7461: $? = 0
configure:7464: ar cru libconftest.a @conftest.lst >&5
ar: `u' modifier ignored since `D' is the default (see `U')
configure:7467: $? = 0
configure:7472: ar cru libconftest.a @conftest.lst >&5
ar: `u' modifier ignored since `D' is the default (see `U')
ar: conftest.o: No such file or directory
configure:7475: $? = 1
configure:7487: result: @
configure:7545: checking for strip
configure:7561: found /usr/bin/strip
configure:7572: result: strip
configure:7644: checking for ranlib
configure:7660: found /usr/bin/ranlib
configure:7671: result: ranlib
configure:7773: checking command to parse /usr/bin/nm -B output from gcc object
configure:7926: gcc -c -g -O2  conftest.c >&5
configure:7929: $? = 0
configure:7933: /usr/bin/nm -B conftest.o | sed -n -e 's/^.*[	 ]\([ABCDGIRSTW][ABCDGIRSTW]*\)[	 ][	 ]*\([_A-Za-z][_A-Za-z0-9]*\)$/\1 \2 \2/p' | sed '/ __gnu_lto/d' > conftest.nm
configure:7999: gcc -o conftest -g -O2   conftest.c conftstm.o >&5
configure:8002: $? = 0
configure:8040: result: ok
configure:8087: checking for sysroot
configure:8117: result: no
configure:8124: checking for a working dd
configure:8162: result: /usr/bin/dd
configure:8166: checking how to truncate binary pipes
configure:8181: result: /usr/bin/dd bs=4096 count=1
configure:8317: gcc -c -g -O2  conftest.c >&5
configure:8320: $? = 0
configure:8510: checking for mt
configure:8526: found /usr/bin/mt
configure:8537: result: mt
configure:8560: checking if mt is a manifest tool
configure:8566: mt '-?'
configure:8574: result: no
configure:9251: checking how to run the C preprocessor
configure:9282: gcc -E  conftest.c
configure:9282: $? = 0
configure:9296: gcc -E  conftest.c
conftest.c:14:10: fatal error: ac_nonexistent.h: No such file or directory
   14 | #include <ac_nonexistent.h>
      |          ^~~~~~~~~~~~~~~~~~
compilation terminated.
configure:9296: $? = 1
configure: failed program was:
| /* confdefs.h */
| #define PACKAGE_NAME "fftw"
| #define PACKAGE_TARNAME "fftw"
| #define PACKAGE_VERSION "3.3.9"
| #define PACKAGE_STRING "fftw 3.3.9"
| #define PACKAGE_BUGREPORT "fftw@fftw.org"
| #define PACKAGE_URL ""
| #define PACKAGE "fftw"
| #define VERSION "3.3.9"
| #define FFTW_ENABLE_ALLOCA 1
| #define HAVE_SSE2 1
| #define HAVE_AVX 1
| /* end confdefs.h.  */
| #include <ac_nonexistent.h>
configure:9321: result: gcc -E
configure:9341: gcc -E  conftest.c
configure:9341: $? = 0
configure:9355: gcc -E  conftest.c
conftest.c:14:10: fatal error: ac_nonexistent.h: No such file or directory
   14 | #include <ac_nonexistent.h>
      |          ^~~~~~~~~~~~~~~~~~
compilation terminated.
configure:9355: $? = 1
configure: failed program was:
| /* confdefs.h */
| #define PACKAGE_NAME "fftw"
| #define PACKAGE_TARNAME "fftw"
| #define PACKAGE_VERSION "3.3.9"
| #define PACKAGE_STRING "fftw 3.3.9"
| #define PACKAGE_BUGREPORT "fftw@fftw.org"
| #define PACKAGE_URL ""
| #define PACKAGE "fftw"
| #define VERSION "3.3.9"
| #define FFTW_ENABLE_ALLOCA 1
| #define HAVE_SSE2 1
| #define HAVE_AVX 1
| /* end confdefs.h.  */
| #include <ac_nonexistent.h>
configure:9384: checking for ANSI C header files
configure:9404: gcc -c -g -O2  conftest.c >&5
configure:9404: $? = 0
configure:9477: gcc -o conftest -g -O2   conftest.c  >&5
configure:9477: $? = 0
configure:9477: ./conftest
configure:9477: $? = 0
configure:9488: result: yes
configure:9501: checking for sys/types.h
configure:9501: gcc -c -g -O2  conftest.c >&5
configure:9501: $? = 0
configure:9501: result: yes
configure:9501: checking for sys/stat.h
configure:9501: gcc -c -g -O2  conftest.c >&5
configure:9501: $? = 0
configure:9501: result: yes
configure:9501: checking for stdlib.h
configure:9501: gcc -c -g -O2  conftest.c >&5
configure:9501: $? = 0
configure:9501: result: yes
configure:9501: checking for string.h
configure:9501: gcc -c -g -O2  conftest.c >&5
configure:9501: $? = 0
configure:9501: result: yes
configure:9501: checking for memory.h
configure:9501: gcc -c -g -O2  conftest.c >&5
configure:9501: $? = 0
configure:9501: result: yes
configure:9501: checking for strings.h
configure:9501: gcc -c -g -O2  conftest.c >&5
configure:9501: $? = 0
configure:9501: result: yes
configure:9501: checking for inttypes.h
configure:9501: gcc -c -g -O2  conftest.c >&5
configure:9501: $? = 0
configure:9501: result: yes
configure:9501: checking for stdint.h
configure:9501: gcc -c -g -O2  conftest.c >&5
configure:9501: $? = 0
configure:9501: result: yes
configure:9501: checking for unistd.h
configure:9501: gcc -c -g -O2  conftest.c >&5
configure:9501: $? = 0
configure:9501: result: yes
configure:9515: checking for dlfcn.h
configure:9515: gcc -c -g -O2  conftest.c >&5
configure:9515: $? = 0
configure:9515: result: yes
configure:9739: checking for objdir
configure:9754: result: .libs
configure:10018: checking if gcc supports -fno-rtti -fno-exceptions
configure:10036: gcc -c -g -O2  -fno-rtti -fno-exceptions conftest.c >&5
cc1: warning: command-line option '-fno-rtti' is valid for C++/D/ObjC++ but not for C
configure:10040: $? = 0
configure:10053: result: no
configure:10411: checking for gcc option to produce PIC
configure:10418: result: -fPIC -DPIC
configure:10426: checking if gcc PIC flag -fPIC -DPIC works
configure:10444: gcc -c -g -O2  -fPIC -DPIC -DPIC conftest.c >&5
configure:10448: $? = 0
configure:10461: result: yes
configure:10490: checking if gcc static flag -static works
configure:10518: result: yes
configure:10533: checking if gcc supports -c -o file.o
configure:10554: gcc -c -g -O2  -o out/conftest2.o conftest.c >&5
configure:10558: $? = 0
configure:10580: result: yes
configure:10588: checking if gcc supports -c -o file.o
configure:10635: result: yes
configure:10668: checking whether the gcc linker (/usr/bin/x86_64-linux-gnu-ld -m elf_x86_64) supports shared libraries
configure:11931: result: yes
configure:12171: checking dynamic linker characteristics
configure:12752: gcc -o conftest -g -O2   -Wl,-rpath -Wl,/foo conftest.c  >&5
configure:12752: $? = 0
configure:13001: result: GNU/Linux ld.so
configure:13123: checking how to hardcode library paths into programs
configure:13148: result: immediate
configure:13696: checking whether stripping libraries is possible
configure:13701: result: yes
configure:13736: checking if libtool supports shared libraries
configure:13738: result: yes
configure:13741: checking whether to build shared libraries
configure:13766: result: no
configure:13769: checking whether to build static libraries
configure:13773: result: yes
configure:13853: checking for ranlib
configure:13880: result: ranlib
configure:13905: checking for ocamlbuild
configure:13935: result: no
configure:13963: checking for mpicc
configure:13979: found /usr/bin/mpicc
configure:13990: result: mpicc
configure:14008: checking for MPI_Init
configure:14008: mpicc -o conftest -g -O2   conftest.c  >&5
configure:14008: $? = 0
configure:14008: result: yes
configure:14100: checking for mpi.h
configure:14113: mpicc -c -g -O2  conftest.c >&5
configure:14113: $? = 0
configure:14114: result: yes
configure:14141: checking for mpirun
configure:14157: found /usr/bin/mpirun
configure:14168: result: mpirun
configure:14184: checking size of MPI_Fint
configure:14189: mpicc -o conftest -g -O2   conftest.c  >&5
configure:14189: $? = 0
configure:14189: ./conftest
configure:14189: $? = 0
configure:14204: result: 4
configure:14486: checking whether C compiler accepts -mtune=native
configure:14505: gcc -c -mtune=native  conftest.c >&5
configure:14505: $? = 0
configure:14515: result: yes
configure:14525: checking whether C compiler accepts -malign-double
configure:14544: gcc -c -malign-double  conftest.c >&5
configure:14544: $? = 0
configure:14554: result: yes
configure:14564: checking whether C compiler accepts -fstrict-aliasing
configure:14583: gcc -c -fstrict-aliasing  conftest.c >&5
configure:14583: $? = 0
configure:14593: result: yes
configure:14610: checking whether C compiler accepts -fno-schedule-insns
configure:14629: gcc -c -fno-schedule-insns  conftest.c >&5
configure:14629: $? = 0
configure:14639: result: yes
configure:14813: checking whether C compiler accepts -O3 -fomit-frame-pointer -mtune=native -malign-double -fstrict-aliasing -fno-schedule-insns
configure:14828: gcc -c -O3 -fomit-frame-pointer -mtune=native -malign-double -fstrict-aliasing -fno-schedule-insns  conftest.c >&5
configure:14828: $? = 0
configure:14836: result: yes
configure:14944: checking whether C compiler accepts -msse2
configure:14959: gcc -c -msse2  conftest.c >&5
configure:14959: $? = 0
configure:14967: result: yes
configure:14979: checking whether C compiler accepts -mavx
configure:14998: gcc -c -mavx  conftest.c >&5
configure:14998: $? = 0
configure:15008: result: yes
configure:15830: checking for ANSI C header files
configure:15934: result: yes
configure:15945: checking fcntl.h usability
configure:15945: gcc -c -O3 -fomit-frame-pointer -mtune=native -malign-double -fstrict-aliasing -fno-schedule-insns  conftest.c >&5
configure:15945: $? = 0
configure:15945: result: yes
configure:15945: checking fcntl.h presence
configure:15945: gcc -E  conftest.c
configure:15945: $? = 0
configure:15945: result: yes
configure:15945: checking for fcntl.h
configure:15945: result: yes
configure:15945: checking fenv.h usability
configure:15945: gcc -c -O3 -fomit-frame-pointer -mtune=native -malign-double -fstrict-aliasing -fno-schedule-insns  conftest.c >&5
configure:15945: $? = 0
configure:15945: result: yes
configure:15945: checking fenv.h presence
configure:15945: gcc -E  conftest.c
configure:15945: $? = 0
configure:15945: result: yes
configure:15945: checking for fenv.h
configure:15945: result: yes
configure:15945: checking limits.h usability
configure:15945: gcc -c -O3 -fomit-frame-pointer -mtune=native -malign-double -fstrict-aliasing -fno-schedule-insns  conftest.c >&5
configure:15945: $? = 0
configure:15945: result: yes
configure:15945: checking limits.h presence
configure:15945: gcc -E  conftest.c
configure:15945: $? = 0
configure:15945: result: yes
configure:15945: checking for limits.h
configure:15945: result: yes
configure:15945: checking malloc.h usability
configure:15945: gcc -c -O3 -fomit-frame-pointer -mtune=native -malign-double -fstrict-aliasing -fno-schedule-insns  conftest.c >&5
configure:15945: $? = 0
configure:15945: result: yes
configure:15945: checking malloc.h presence
configure:15945: gcc -E  conftest.c
configure:15945: $? = 0
configure:15945: result: yes
configure:15945: checking for malloc.h
configure:15945: result: yes
configure:15945: checking stddef.h usability
configure:15945: gcc -c -O3 -fomit-frame-pointer -mtune=native -malign-double -fstrict-aliasing -fno-schedule-insns  conftest.c >&5
configure:15945: $? = 0
configure:15945: result: yes
configure:15945: checking stddef.h presence
configure:15945: gcc -E  conftest.c
configure:15945: $? = 0
configure:15945: result: yes
configure:15945: checking for stddef.h
configure:15945: result: yes
configure:15945: checking sys/time.h usability
configure:15945: gcc -c -O3 -fomit-frame-pointer -mtune=native -malign-double -fstrict-aliasing -fno-schedule-insns  conftest.c >&5
configure:15945: $? = 0
configure:15945: result: yes
configure:15945: checking sys/time.h presence
configure:15945: gcc -E  conftest.c
configure:15945: $? = 0
configure:15945: result: yes
configure:15945: checking for sys/time.h
configure:15945: result: yes
configure:15962: checking altivec.h usability
configure:15962: gcc -c -O3 -fomit-frame-pointer -mtune=native -malign-double -fstrict-aliasing -fno-schedule-insns      conftest.c >&5
conftest.c:68:10: fatal error: altivec.h: No such file or directory
   68 | #include <altivec.h>
      |          ^~~~~~~~~~~
compilation terminated.
configure:15962: $? = 1
configure: failed program was:
| /* confdefs.h */
| #define PACKAGE_NAME "fftw"
| #define PACKAGE_TARNAME "fftw"
| #define PACKAGE_VERSION "3.3.9"
| #define PACKAGE_STRING "fftw 3.3.9"
| #define PACKAGE_BUGREPORT "fftw@fftw.org"
| #define PACKAGE_URL ""
| #define PACKAGE "fftw"
| #define VERSION "3.3.9"
| #define FFTW_ENABLE_ALLOCA 1
| #define HAVE_SSE2 1
| #define HAVE_AVX 1
| #define STDC_HEADERS 1
| #define HAVE_SYS_TYPES_H 1
| #define HAVE_SYS_STAT_H 1
| #define HAVE_STDLIB_H 1
| #define HAVE_STRING_H 1
| #define HAVE_MEMORY_H 1
| #define HAVE_STRINGS_H 1
| #define HAVE_INTTYPES_H 1
| #define HAVE_STDINT_H 1
| #define HAVE_UNISTD_H 1
| #define HAVE_DLFCN_H 1
| #define LT_OBJDIR ".libs/"
| #define HAVE_MPI 1
| #define SIZEOF_MPI_FINT 4
| #define STDC_HEADERS 1
| #define HAVE_FCNTL_H 1
| #define HAVE_FENV_H 1
| #define HAVE_LIMITS_H 1
| #define HAVE_MALLOC_H 1
| #define HAVE_STDDEF_H 1
| #define HAVE_SYS_TIME_H 1
| /* end confdefs.h.  */
| #include <stdio.h>
| #ifdef HAVE_SYS_TYPES_H
| # include <sys/types.h>
| #endif
| #ifdef HAVE_SYS_STAT_H
| # include <sys/stat.h>
| #endif
| #ifdef STDC_HEADERS
| # include <stdlib.h>
| # include <stddef.h>
| #else
| # ifdef HAVE_STDLIB_H
| #  include <stdlib.h>
| # endif
| #endif
| #ifdef HAVE_STRING_H
| # if !defined STDC_HEADERS && defined HAVE_MEMORY_H
| #  include <memory.h>
| # endif
| # include <string.h>
| #endif
| #ifdef HAVE_STRINGS_H
| # include <strings.h>
| #endif
| #ifdef HAVE_INTTYPES_H
| # include <inttypes.h>
| #endif
| #ifdef HAVE_STDINT_H
| # include <stdint.h>
| #endif
| #ifdef HAVE_UNISTD_H
| # include <unistd.h>
| #endif
| #include <altivec.h>
configure:15962: result: no
configure:15962: checking altivec.h presence
configure:15962: gcc -E    conftest.c
conftest.c:35:10: fatal error: altivec.h: No such file or directory
   35 | #include <altivec.h>
      |          ^~~~~~~~~~~
compilation terminated.
configure:15962: $? = 1
configure: failed program was:
| /* confdefs.h */
| #define PACKAGE_NAME "fftw"
| #define PACKAGE_TARNAME "fftw"
| #define PACKAGE_VERSION "3.3.9"
| #define PACKAGE_STRING "fftw 3.3.9"
| #define PACKAGE_BUGREPORT "fftw@fftw.org"
| #define PACKAGE_URL ""
| #define PACKAGE "fftw"
| #define VERSION "3.3.9"
| #define FFTW_ENABLE_ALLOCA 1
| #define HAVE_SSE2 1
| #define HAVE_AVX 1
| #define STDC_HEADERS 1
| #define HAVE_SYS_TYPES_H 1
| #define HAVE_SYS_STAT_H 1
| #define HAVE_STDLIB_H 1
| #define HAVE_STRING_H 1
| #define HAVE_MEMORY_H 1
| #define HAVE_STRINGS_H 1
| #define HAVE_INTTYPES_H 1
| #define HAVE_STDINT_H 1
| #define HAVE_UNISTD_H 1
| #define HAVE_DLFCN_H 1
| #define LT_OBJDIR ".libs/"
| #define HAVE_MPI 1
| #define SIZEOF_MPI_FINT 4
| #define STDC_HEADERS 1
| #define HAVE_FCNTL_H 1
| #define HAVE_FENV_H 1
| #define HAVE_LIMITS_H 1
| #define HAVE_MALLOC_H 1
| #define HAVE_STDDEF_H 1
| #define HAVE_SYS_TIME_H 1
| /* end confdefs.h.  */
| #include <altivec.h>
configure:15962: result: no
configure:15962: checking for altivec.h
configure:15962: result: no
configure:15975: checking for an ANSI C-conforming const
configure:16041: gcc -c -O3 -fomit-frame-pointer -mtune=native -malign-double -fstrict-aliasing -fno-schedule-insns  conftest.c >&5
configure:16041: $? = 0
configure:16048: result: yes
configure:16056: checking for inline
configure:16072: gcc -c -O3 -fomit-frame-pointer -mtune=native -malign-double -fstrict-aliasing -fno-schedule-insns  conftest.c >&5
configure:16072: $? = 0
configure:16080: result: inline
configure:16098: checking for size_t
configure:16098: gcc -c -O3 -fomit-frame-pointer -mtune=native -malign-double -fstrict-aliasing -fno-schedule-insns  conftest.c >&5
configure:16098: $? = 0
configure:16098: gcc -c -O3 -fomit-frame-pointer -mtune=native -malign-double -fstrict-aliasing -fno-schedule-insns  conftest.c >&5
conftest.c: In function 'main':
conftest.c:71:21: error: expected expression before ')' token
   71 | if (sizeof ((size_t)))
      |                     ^
configure:16098: $? = 1
configure: failed program was:
| /* confdefs.h */
| #define PACKAGE_NAME "fftw"
| #define PACKAGE_TARNAME "fftw"
| #define PACKAGE_VERSION "3.3.9"
| #define PACKAGE_STRING "fftw 3.3.9"
| #define PACKAGE_BUGREPORT "fftw@fftw.org"
| #define PACKAGE_URL ""
| #define PACKAGE "fftw"
| #define VERSION "3.3.9"
| #define FFTW_ENABLE_ALLOCA 1
| #define HAVE_SSE2 1
| #define HAVE_AVX 1
| #define STDC_HEADERS 1
| #define HAVE_SYS_TYPES_H 1
| #define HAVE_SYS_STAT_H 1
| #define HAVE_STDLIB_H 1
| #define HAVE_STRING_H 1
| #define HAVE_MEMORY_H 1
| #define HAVE_STRINGS_H 1
| #define HAVE_INTTYPES_H 1
| #define HAVE_STDINT_H 1
| #define HAVE_UNISTD_H 1
| #define HAVE_DLFCN_H 1
| #define LT_OBJDIR ".libs/"
| #define HAVE_MPI 1
| #define SIZEOF_MPI_FINT 4
| #define STDC_HEADERS 1
| #define HAVE_FCNTL_H 1
| #define HAVE_FENV_H 1
| #define HAVE_LIMITS_H 1
| #define HAVE_MALLOC_H 1
| #define HAVE_STDDEF_H 1
| #define HAVE_SYS_TIME_H 1
| /* end confdefs.h.  */
| #include <stdio.h>
| #ifdef HAVE_SYS_TYPES_H
| # include <sys/types.h>
| #endif
| #ifdef HAVE_SYS_STAT_H
| # include <sys/stat.h>
| #endif
| #ifdef STDC_HEADERS
| # include <stdlib.h>
| # include <stddef.h>
| #else
| # ifdef HAVE_STDLIB_H
| #  include <stdlib.h>
| # endif
| #endif
| #ifdef HAVE_STRING_H
| # if !defined STDC_HEADERS && defined HAVE_MEMORY_H
| #  include <memory.h>
| # endif
| # include <string.h>
| #endif
| #ifdef HAVE_STRINGS_H
| # include <strings.h>
| #endif
| #ifdef HAVE_INTTYPES_H
| # include <inttypes.h>
| #endif
| #ifdef HAVE_STDINT_H
| # include <stdint.h>
| #endif
| #ifdef HAVE_UNISTD_H
| # include <unistd.h>
| #endif
| int
| main ()
| {
| if (sizeof ((size_t)))
| 	    return 0;
|   ;
|   return 0;
| }
configure:16098: result: yes
configure:16109: checking for uint32_t
configure:16109: gcc -c -O3 -fomit-frame-pointer -mtune=native -malign-double -fstrict-aliasing -fno-schedule-insns  conftest.c >&5
configure:16109: $? = 0
configure:16109: result: yes
configure:16123: checking for uint64_t
configure:16123: gcc -c -O3 -fomit-frame-pointer -mtune=native -malign-double -fstrict-aliasing -fno-schedule-insns  conftest.c >&5
configure:16123: $? = 0
configure:16123: result: yes
configure:16137: checking whether time.h and sys/time.h may both be included
configure:16157: gcc -c -O3 -fomit-frame-pointer -mtune=native -malign-double -fstrict-aliasing -fno-schedule-insns  conftest.c >&5
configure:16157: $? = 0
configure:16164: result: yes
configure:16172: checking for long double
configure:16172: gcc -c -O3 -fomit-frame-pointer -mtune=native -malign-double -fstrict-aliasing -fno-schedule-insns  conftest.c >&5
configure:16172: $? = 0
configure:16172: gcc -c -O3 -fomit-frame-pointer -mtune=native -malign-double -fstrict-aliasing -fno-schedule-insns  conftest.c >&5
conftest.c: In function 'main':
conftest.c:72:26: error: expected expression before ')' token
   72 | if (sizeof ((long double)))
      |                          ^
configure:16172: $? = 1
configure: failed program was:
| /* confdefs.h */
| #define PACKAGE_NAME "fftw"
| #define PACKAGE_TARNAME "fftw"
| #define PACKAGE_VERSION "3.3.9"
| #define PACKAGE_STRING "fftw 3.3.9"
| #define PACKAGE_BUGREPORT "fftw@fftw.org"
| #define PACKAGE_URL ""
| #define PACKAGE "fftw"
| #define VERSION "3.3.9"
| #define FFTW_ENABLE_ALLOCA 1
| #define HAVE_SSE2 1
| #define HAVE_AVX 1
| #define STDC_HEADERS 1
| #define HAVE_SYS_TYPES_H 1
| #define HAVE_SYS_STAT_H 1
| #define HAVE_STDLIB_H 1
| #define HAVE_STRING_H 1
| #define HAVE_MEMORY_H 1
| #define HAVE_STRINGS_H 1
| #define HAVE_INTTYPES_H 1
| #define HAVE_STDINT_H 1
| #define HAVE_UNISTD_H 1
| #define HAVE_DLFCN_H 1
| #define LT_OBJDIR ".libs/"
| #define HAVE_MPI 1
| #define SIZEOF_MPI_FINT 4
| #define STDC_HEADERS 1
| #define HAVE_FCNTL_H 1
| #define HAVE_FENV_H 1
| #define HAVE_LIMITS_H 1
| #define HAVE_MALLOC_H 1
| #define HAVE_STDDEF_H 1
| #define HAVE_SYS_TIME_H 1
| #define TIME_WITH_SYS_TIME 1
| /* end confdefs.h.  */
| #include <stdio.h>
| #ifdef HAVE_SYS_TYPES_H
| # include <sys/types.h>
| #endif
| #ifdef HAVE_SYS_STAT_H
| # include <sys/stat.h>
| #endif
| #ifdef STDC_HEADERS
| # include <stdlib.h>
| # include <stddef.h>
| #else
| # ifdef HAVE_STDLIB_H
| #  include <stdlib.h>
| # endif
| #endif
| #ifdef HAVE_STRING_H
| # if !defined STDC_HEADERS && defined HAVE_MEMORY_H
| #  include <memory.h>
| # endif
| # include <string.h>
| #endif
| #ifdef HAVE_STRINGS_H
| # include <strings.h>
| #endif
| #ifdef HAVE_INTTYPES_H
| # include <inttypes.h>
| #endif
| #ifdef HAVE_STDINT_H
| # include <stdint.h>
| #endif
| #ifdef HAVE_UNISTD_H
| # include <unistd.h>
| #endif
| int
| main ()
| {
| if (sizeof ((long double)))
| 	    return 0;
|   ;
|   return 0;
| }
configure:16172: result: yes
configure:16185: checking for hrtime_t
configure:16185: gcc -c -O3 -fomit-frame-pointer -mtune=native -malign-double -fstrict-aliasing -fno-schedule-insns  conftest.c >&5
conftest.c: In function 'main':
conftest.c:46:13: error: 'hrtime_t' undeclared (first use in this function); did you mean 'time_t'?
   46 | if (sizeof (hrtime_t))
      |             ^~~~~~~~
      |             time_t
conftest.c:46:13: note: each undeclared identifier is reported only once for each function it appears in
configure:16185: $? = 1
configure: failed program was:
| /* confdefs.h */
| #define PACKAGE_NAME "fftw"
| #define PACKAGE_TARNAME "fftw"
| #define PACKAGE_VERSION "3.3.9"
| #define PACKAGE_STRING "fftw 3.3.9"
| #define PACKAGE_BUGREPORT "fftw@fftw.org"
| #define PACKAGE_URL ""
| #define PACKAGE "fftw"
| #define VERSION "3.3.9"
| #define FFTW_ENABLE_ALLOCA 1
| #define HAVE_SSE2 1
| #define HAVE_AVX 1
| #define STDC_HEADERS 1
| #define HAVE_SYS_TYPES_H 1
| #define HAVE_SYS_STAT_H 1
| #define HAVE_STDLIB_H 1
| #define HAVE_STRING_H 1
| #define HAVE_MEMORY_H 1
| #define HAVE_STRINGS_H 1
| #define HAVE_INTTYPES_H 1
| #define HAVE_STDINT_H 1
| #define HAVE_UNISTD_H 1
| #define HAVE_DLFCN_H 1
| #define LT_OBJDIR ".libs/"
| #define HAVE_MPI 1
| #define SIZEOF_MPI_FINT 4
| #define STDC_HEADERS 1
| #define HAVE_FCNTL_H 1
| #define HAVE_FENV_H 1
| #define HAVE_LIMITS_H 1
| #define HAVE_MALLOC_H 1
| #define HAVE_STDDEF_H 1
| #define HAVE_SYS_TIME_H 1
| #define TIME_WITH_SYS_TIME 1
| #define HAVE_LONG_DOUBLE 1
| /* end confdefs.h.  */
| 
| #if HAVE_SYS_TIME_H
| #include <sys/time.h>
| #endif
| 
| 
| int
| main ()
| {
| if (sizeof (hrtime_t))
| 	 return 0;
|   ;
|   return 0;
| }
configure:16185: result: no
configure:16202: checking size of int
configure:16207: gcc -o conftest -O3 -fomit-frame-pointer -mtune=native -malign-double -fstrict-aliasing -fno-schedule-insns   conftest.c  >&5
configure:16207: $? = 0
configure:16207: ./conftest
configure:16207: $? = 0
configure:16221: result: 4
configure:16235: checking size of unsigned int
configure:16240: gcc -o conftest -O3 -fomit-frame-pointer -mtune=native -malign-double -fstrict-aliasing -fno-schedule-insns   conftest.c  >&5
configure:16240: $? = 0
configure:16240: ./conftest
configure:16240: $? = 0
configure:16254: result: 4
configure:16268: checking size of long
configure:16273: gcc -o conftest -O3 -fomit-frame-pointer -mtune=native -malign-double -fstrict-aliasing -fno-schedule-insns   conftest.c  >&5
configure:16273: $? = 0
configure:16273: ./conftest
configure:16273: $? = 0
configure:16287: result: 8
configure:16301: checking size of unsigned long
configure:16306: gcc -o conftest -O3 -fomit-frame-pointer -mtune=native -malign-double -fstrict-aliasing -fno-schedule-insns   conftest.c  >&5
configure:16306: $? = 0
configure:16306: ./conftest
configure:16306: $? = 0
configure:16320: result: 8
configure:16334: checking size of long long
configure:16339: gcc -o conftest -O3 -fomit-frame-pointer -mtune=native -malign-double -fstrict-aliasing -fno-schedule-insns   conftest.c  >&5
configure:16339: $? = 0
configure:16339: ./conftest
configure:16339: $? = 0
configure:16353: result: 8
configure:16367: checking size of unsigned long long
configure:16372: gcc -o conftest -O3 -fomit-frame-pointer -mtune=native -malign-double -fstrict-aliasing -fno-schedule-insns   conftest.c  >&5
configure:16372: $? = 0
configure:16372: ./conftest
configure:16372: $? = 0
configure:16386: result: 8
configure:16400: checking size of size_t
configure:16405: gcc -o conftest -O3 -fomit-frame-pointer -mtune=native -malign-double -fstrict-aliasing -fno-schedule-insns   conftest.c  >&5
configure:16405: $? = 0
configure:16405: ./conftest
configure:16405: $? = 0
configure:16419: result: 8
configure:16433: checking size of ptrdiff_t
configure:16438: gcc -o conftest -O3 -fomit-frame-pointer -mtune=native -malign-double -fstrict-aliasing -fno-schedule-insns   conftest.c  >&5
configure:16438: $? = 0
configure:16438: ./conftest
configure:16438: $? = 0
configure:16452: result: 8
configure:16463: checking for ptrdiff_t
configure:16463: gcc -c -O3 -fomit-frame-pointer -mtune=native -malign-double -fstrict-aliasing -fno-schedule-insns  conftest.c >&5
configure:16463: $? = 0
configure:16463: gcc -c -O3 -fomit-frame-pointer -mtune=native -malign-double -fstrict-aliasing -fno-schedule-insns  conftest.c >&5
conftest.c: In function 'main':
conftest.c:81:24: error: expected expression before ')' token
   81 | if (sizeof ((ptrdiff_t)))
      |                        ^
configure:16463: $? = 1
configure: failed program was:
| /* confdefs.h */
| #define PACKAGE_NAME "fftw"
| #define PACKAGE_TARNAME "fftw"
| #define PACKAGE_VERSION "3.3.9"
| #define PACKAGE_STRING "fftw 3.3.9"
| #define PACKAGE_BUGREPORT "fftw@fftw.org"
| #define PACKAGE_URL ""
| #define PACKAGE "fftw"
| #define VERSION "3.3.9"
| #define FFTW_ENABLE_ALLOCA 1
| #define HAVE_SSE2 1
| #define HAVE_AVX 1
| #define STDC_HEADERS 1
| #define HAVE_SYS_TYPES_H 1
| #define HAVE_SYS_STAT_H 1
| #define HAVE_STDLIB_H 1
| #define HAVE_STRING_H 1
| #define HAVE_MEMORY_H 1
| #define HAVE_STRINGS_H 1
| #define HAVE_INTTYPES_H 1
| #define HAVE_STDINT_H 1
| #define HAVE_UNISTD_H 1
| #define HAVE_DLFCN_H 1
| #define LT_OBJDIR ".libs/"
| #define HAVE_MPI 1
| #define SIZEOF_MPI_FINT 4
| #define STDC_HEADERS 1
| #define HAVE_FCNTL_H 1
| #define HAVE_FENV_H 1
| #define HAVE_LIMITS_H 1
| #define HAVE_MALLOC_H 1
| #define HAVE_STDDEF_H 1
| #define HAVE_SYS_TIME_H 1
| #define TIME_WITH_SYS_TIME 1
| #define HAVE_LONG_DOUBLE 1
| #define SIZEOF_INT 4
| #define SIZEOF_UNSIGNED_INT 4
| #define SIZEOF_LONG 8
| #define SIZEOF_UNSIGNED_LONG 8
| #define SIZEOF_LONG_LONG 8
| #define SIZEOF_UNSIGNED_LONG_LONG 8
| #define SIZEOF_SIZE_T 8
| #define SIZEOF_PTRDIFF_T 8
| /* end confdefs.h.  */
| #include <stdio.h>
| #ifdef HAVE_SYS_TYPES_H
| # include <sys/types.h>
| #endif
| #ifdef HAVE_SYS_STAT_H
| # include <sys/stat.h>
| #endif
| #ifdef STDC_HEADERS
| # include <stdlib.h>
| # include <stddef.h>
| #else
| # ifdef HAVE_STDLIB_H
| #  include <stdlib.h>
| # endif
| #endif
| #ifdef HAVE_STRING_H
| # if !defined STDC_HEADERS && defined HAVE_MEMORY_H
| #  include <memory.h>
| # endif
| # include <string.h>
| #endif
| #ifdef HAVE_STRINGS_H
| # include <strings.h>
| #endif
| #ifdef HAVE_INTTYPES_H
| # include <inttypes.h>
| #endif
| #ifdef HAVE_STDINT_H
| # include <stdint.h>
| #endif
| #ifdef HAVE_UNISTD_H
| # include <unistd.h>
| #endif
| int
| main ()
| {
| if (sizeof ((ptrdiff_t)))
| 	    return 0;
|   ;
|   return 0;
| }
configure:16463: result: yes
configure:16473: checking for uintptr_t
configure:16473: gcc -c -O3 -fomit-frame-pointer -mtune=native -malign-double -fstrict-aliasing -fno-schedule-insns  conftest.c >&5
configure:16473: $? = 0
configure:16473: gcc -c -O3 -fomit-frame-pointer -mtune=native -malign-double -fstrict-aliasing -fno-schedule-insns  conftest.c >&5
conftest.c: In function 'main':
conftest.c:86:24: error: expected expression before ')' token
   86 | if (sizeof ((uintptr_t)))
      |                        ^
configure:16473: $? = 1
configure: failed program was:
| /* confdefs.h */
| #define PACKAGE_NAME "fftw"
| #define PACKAGE_TARNAME "fftw"
| #define PACKAGE_VERSION "3.3.9"
| #define PACKAGE_STRING "fftw 3.3.9"
| #define PACKAGE_BUGREPORT "fftw@fftw.org"
| #define PACKAGE_URL ""
| #define PACKAGE "fftw"
| #define VERSION "3.3.9"
| #define FFTW_ENABLE_ALLOCA 1
| #define HAVE_SSE2 1
| #define HAVE_AVX 1
| #define STDC_HEADERS 1
| #define HAVE_SYS_TYPES_H 1
| #define HAVE_SYS_STAT_H 1
| #define HAVE_STDLIB_H 1
| #define HAVE_STRING_H 1
| #define HAVE_MEMORY_H 1
| #define HAVE_STRINGS_H 1
| #define HAVE_INTTYPES_H 1
| #define HAVE_STDINT_H 1
| #define HAVE_UNISTD_H 1
| #define HAVE_DLFCN_H 1
| #define LT_OBJDIR ".libs/"
| #define HAVE_MPI 1
| #define SIZEOF_MPI_FINT 4
| #define STDC_HEADERS 1
| #define HAVE_FCNTL_H 1
| #define HAVE_FENV_H 1
| #define HAVE_LIMITS_H 1
| #define HAVE_MALLOC_H 1
| #define HAVE_STDDEF_H 1
| #define HAVE_SYS_TIME_H 1
| #define TIME_WITH_SYS_TIME 1
| #define HAVE_LONG_DOUBLE 1
| #define SIZEOF_INT 4
| #define SIZEOF_UNSIGNED_INT 4
| #define SIZEOF_LONG 8
| #define SIZEOF_UNSIGNED_LONG 8
| #define SIZEOF_LONG_LONG 8
| #define SIZEOF_UNSIGNED_LONG_LONG 8
| #define SIZEOF_SIZE_T 8
| #define SIZEOF_PTRDIFF_T 8
| #define HAVE_PTRDIFF_T 1
| /* end confdefs.h.  */
| #include <stdio.h>
| #ifdef HAVE_SYS_TYPES_H
| # include <sys/types.h>
| #endif
| #ifdef HAVE_SYS_STAT_H
| # include <sys/stat.h>
| #endif
| #ifdef STDC_HEADERS
| # include <stdlib.h>
| # include <stddef.h>
| #else
| # ifdef HAVE_STDLIB_H
| #  include <stdlib.h>
| # endif
| #endif
| #ifdef HAVE_STRING_H
| # if !defined STDC_HEADERS && defined HAVE_MEMORY_H
| #  include <memory.h>
| # endif
| # include <string.h>
| #endif
| #ifdef HAVE_STRINGS_H
| # include <strings.h>
| #endif
| #ifdef HAVE_INTTYPES_H
| # include <inttypes.h>
| #endif
| #ifdef HAVE_STDINT_H
| # include <stdint.h>
| #endif
| #ifdef HAVE_UNISTD_H
| # include <unistd.h>
| #endif
| #ifdef HAVE_STDINT_H
| #  include <stdint.h>
| #endif
| 
| int
| main ()
| {
| if (sizeof ((uintptr_t)))
| 	    return 0;
|   ;
|   return 0;
| }
configure:16473: result: yes
configure:16526: checking size of float
configure:16531: gcc -o conftest -O3 -fomit-frame-pointer -mtune=native -malign-double -fstrict-aliasing -fno-schedule-insns   conftest.c  >&5
configure:16531: $? = 0
configure:16531: ./conftest
configure:16531: $? = 0
configure:16545: result: 4
configure:16559: checking size of double
configure:16564: gcc -o conftest -O3 -fomit-frame-pointer -mtune=native -malign-double -fstrict-aliasing -fno-schedule-insns   conftest.c  >&5
configure:16564: $? = 0
configure:16564: ./conftest
configure:16564: $? = 0
configure:16578: result: 8
configure:16593: checking size of fftw_r2r_kind
configure:16598: gcc -o conftest -O3 -fomit-frame-pointer -mtune=native -malign-double -fstrict-aliasing -fno-schedule-insns   conftest.c  >&5
configure:16598: $? = 0
configure:16598: ./conftest
configure:16598: $? = 0
configure:16617: result: 4
configure:16633: checking for working alloca.h
configure:16650: gcc -o conftest -O3 -fomit-frame-pointer -mtune=native -malign-double -fstrict-aliasing -fno-schedule-insns   conftest.c  >&5
configure:16650: $? = 0
configure:16658: result: yes
configure:16666: checking for alloca
configure:16703: gcc -o conftest -O3 -fomit-frame-pointer -mtune=native -malign-double -fstrict-aliasing -fno-schedule-insns   conftest.c  >&5
configure:16703: $? = 0
configure:16711: result: yes
configure:16817: checking for working strtod
configure:16858: gcc -o conftest -O3 -fomit-frame-pointer -mtune=native -malign-double -fstrict-aliasing -fno-schedule-insns   conftest.c  >&5
conftest.c:87:8: error: conflicting types for 'strtod'; have 'double(void)'
   87 | double strtod ();
      |        ^~~~~~
In file included from conftest.c:61:
/usr/include/stdlib.h:118:15: note: previous declaration of 'strtod' with type 'double(const char * restrict,  char ** restrict)'
  118 | extern double strtod (const char *__restrict __nptr,
      |               ^~~~~~
conftest.c: In function 'main':
conftest.c:97:13: error: too many arguments to function 'strtod'; expected 0, have 2
   97 |     value = strtod (string, &term);
      |             ^~~~~~  ~~~~~~
conftest.c:87:8: note: declared here
   87 | double strtod ();
      |        ^~~~~~
conftest.c:107:5: error: too many arguments to function 'strtod'; expected 0, have 2
  107 |     strtod (string, &term);
      |     ^~~~~~  ~~~~~~
conftest.c:87:8: note: declared here
   87 | double strtod ();
      |        ^~~~~~
configure:16858: $? = 1
configure: program exited with status 1
configure: failed program was:
| /* confdefs.h */
| #define PACKAGE_NAME "fftw"
| #define PACKAGE_TARNAME "fftw"
| #define PACKAGE_VERSION "3.3.9"
| #define PACKAGE_STRING "fftw 3.3.9"
| #define PACKAGE_BUGREPORT "fftw@fftw.org"
| #define PACKAGE_URL ""
| #define PACKAGE "fftw"
| #define VERSION "3.3.9"
| #define FFTW_ENABLE_ALLOCA 1
| #define HAVE_SSE2 1
| #define HAVE_AVX 1
| #define STDC_HEADERS 1
| #define HAVE_SYS_TYPES_H 1
| #define HAVE_SYS_STAT_H 1
| #define HAVE_STDLIB_H 1
| #define HAVE_STRING_H 1
| #define HAVE_MEMORY_H 1
| #define HAVE_STRINGS_H 1
| #define HAVE_INTTYPES_H 1
| #define HAVE_STDINT_H 1
| #define HAVE_UNISTD_H 1
| #define HAVE_DLFCN_H 1
| #define LT_OBJDIR ".libs/"
| #define HAVE_MPI 1
| #define SIZEOF_MPI_FINT 4
| #define STDC_HEADERS 1
| #define HAVE_FCNTL_H 1
| #define HAVE_FENV_H 1
| #define HAVE_LIMITS_H 1
| #define HAVE_MALLOC_H 1
| #define HAVE_STDDEF_H 1
| #define HAVE_SYS_TIME_H 1
| #define TIME_WITH_SYS_TIME 1
| #define HAVE_LONG_DOUBLE 1
| #define SIZEOF_INT 4
| #define SIZEOF_UNSIGNED_INT 4
| #define SIZEOF_LONG 8
| #define SIZEOF_UNSIGNED_LONG 8
| #define SIZEOF_LONG_LONG 8
| #define SIZEOF_UNSIGNED_LONG_LONG 8
| #define SIZEOF_SIZE_T 8
| #define SIZEOF_PTRDIFF_T 8
| #define HAVE_PTRDIFF_T 1
| #define HAVE_UINTPTR_T 1
| #define SIZEOF_FLOAT 4
| #define SIZEOF_DOUBLE 8
| #define SIZEOF_FFTW_R2R_KIND 4
| #define HAVE_ALLOCA_H 1
| #define HAVE_ALLOCA 1
| /* end confdefs.h.  */
| 
| #include <stdio.h>
| #ifdef HAVE_SYS_TYPES_H
| # include <sys/types.h>
| #endif
| #ifdef HAVE_SYS_STAT_H
| # include <sys/stat.h>
| #endif
| #ifdef STDC_HEADERS
| # include <stdlib.h>
| # include <stddef.h>
| #else
| # ifdef HAVE_STDLIB_H
| #  include <stdlib.h>
| # endif
| #endif
| #ifdef HAVE_STRING_H
| # if !defined STDC_HEADERS && defined HAVE_MEMORY_H
| #  include <memory.h>
| # endif
| # include <string.h>
| #endif
| #ifdef HAVE_STRINGS_H
| # include <strings.h>
| #endif
| #ifdef HAVE_INTTYPES_H
| # include <inttypes.h>
| #endif
| #ifdef HAVE_STDINT_H
| # include <stdint.h>
| #endif
| #ifdef HAVE_UNISTD_H
| # include <unistd.h>
| #endif
| #ifndef strtod
| double strtod ();
| #endif
| int
| main()
| {
|   {
|     /* Some versions of Linux strtod mis-parse strings with leading '+'.  */
|     char *string = " +69";
|     char *term;
|     double value;
|     value = strtod (string, &term);
|     if (value != 69 || term != (string + 4))
|       return 1;
|   }
| 
|   {
|     /* Under Solaris 2.4, strtod returns the wrong value for the
|        terminating character under some conditions.  */
|     char *string = "NaN";
|     char *term;
|     strtod (string, &term);
|     if (term != string && *(term - 1) == 0)
|       return 1;
|   }
|   return 0;
| }
| 
configure:16868: result: no
configure:16877: checking for pow
configure:16877: gcc -o conftest -O3 -fomit-frame-pointer -mtune=native -malign-double -fstrict-aliasing -fno-schedule-insns   conftest.c  >&5
conftest.c:75:6: warning: conflicting types for built-in function 'pow'; expected 'double(double,  double)' [-Wbuiltin-declaration-mismatch]
   75 | char pow ();
      |      ^~~
conftest.c:63:1: note: 'pow' is declared in header '<math.h>'
   62 | # include <limits.h>
   63 | #else
/usr/bin/ld: /tmp/ccCzvVW2.o: in function `main':
conftest.c:(.text.startup+0x9): undefined reference to `pow'
collect2: error: ld returned 1 exit status
configure:16877: $? = 1
configure: failed program was:
| /* confdefs.h */
| #define PACKAGE_NAME "fftw"
| #define PACKAGE_TARNAME "fftw"
| #define PACKAGE_VERSION "3.3.9"
| #define PACKAGE_STRING "fftw 3.3.9"
| #define PACKAGE_BUGREPORT "fftw@fftw.org"
| #define PACKAGE_URL ""
| #define PACKAGE "fftw"
| #define VERSION "3.3.9"
| #define FFTW_ENABLE_ALLOCA 1
| #define HAVE_SSE2 1
| #define HAVE_AVX 1
| #define STDC_HEADERS 1
| #define HAVE_SYS_TYPES_H 1
| #define HAVE_SYS_STAT_H 1
| #define HAVE_STDLIB_H 1
| #define HAVE_STRING_H 1
| #define HAVE_MEMORY_H 1
| #define HAVE_STRINGS_H 1
| #define HAVE_INTTYPES_H 1
| #define HAVE_STDINT_H 1
| #define HAVE_UNISTD_H 1
| #define HAVE_DLFCN_H 1
| #define LT_OBJDIR ".libs/"
| #define HAVE_MPI 1
| #define SIZEOF_MPI_FINT 4
| #define STDC_HEADERS 1
| #define HAVE_FCNTL_H 1
| #define HAVE_FENV_H 1
| #define HAVE_LIMITS_H 1
| #define HAVE_MALLOC_H 1
| #define HAVE_STDDEF_H 1
| #define HAVE_SYS_TIME_H 1
| #define TIME_WITH_SYS_TIME 1
| #define HAVE_LONG_DOUBLE 1
| #define SIZEOF_INT 4
| #define SIZEOF_UNSIGNED_INT 4
| #define SIZEOF_LONG 8
| #define SIZEOF_UNSIGNED_LONG 8
| #define SIZEOF_LONG_LONG 8
| #define SIZEOF_UNSIGNED_LONG_LONG 8
| #define SIZEOF_SIZE_T 8
| #define SIZEOF_PTRDIFF_T 8
| #define HAVE_PTRDIFF_T 1
| #define HAVE_UINTPTR_T 1
| #define SIZEOF_FLOAT 4
| #define SIZEOF_DOUBLE 8
| #define SIZEOF_FFTW_R2R_KIND 4
| #define HAVE_ALLOCA_H 1
| #define HAVE_ALLOCA 1
| /* end confdefs.h.  */
| /* Define pow to an innocuous variant, in case <limits.h> declares pow.
|    For example, HP-UX 11i <limits.h> declares gettimeofday.  */
| #define pow innocuous_pow
| 
| /* System header to define __stub macros and hopefully few prototypes,
|     which can conflict with char pow (); below.
|     Prefer <limits.h> to <assert.h> if __STDC__ is defined, since
|     <limits.h> exists even on freestanding compilers.  */
| 
| #ifdef __STDC__
| # include <limits.h>
| #else
| # include <assert.h>
| #endif
| 
| #undef pow
| 
| /* Override any GCC internal prototype to avoid an error.
|    Use char because int might match the return type of a GCC
|    builtin and then its argument prototype would still apply.  */
| #ifdef __cplusplus
| extern "C"
| #endif
| char pow ();
| /* The GNU C library defines this for functions which it implements
|     to always fail with ENOSYS.  Some functions are actually named
|     something starting with __ and the normal name is an alias.  */
| #if defined __stub_pow || defined __stub___pow
| choke me
| #endif
| 
| int
| main ()
| {
| return pow ();
|   ;
|   return 0;
| }
configure:16877: result: no
configure:16883: checking for pow in -lm
configure:16908: gcc -o conftest -O3 -fomit-frame-pointer -mtune=native -malign-double -fstrict-aliasing -fno-schedule-insns   conftest.c -lm   >&5
conftest.c:59:6: warning: conflicting types for built-in function 'pow'; expected 'double(double,  double)' [-Wbuiltin-declaration-mismatch]
   59 | char pow ();
      |      ^~~
conftest.c:1:1: note: 'pow' is declared in header '<math.h>'
    1 | /* confdefs.h */
configure:16908: $? = 0
configure:16917: result: yes
configure:16932: checking for vprintf
configure:16932: gcc -o conftest -O3 -fomit-frame-pointer -mtune=native -malign-double -fstrict-aliasing -fno-schedule-insns   conftest.c  >&5
conftest.c:75:6: warning: conflicting types for built-in function 'vprintf'; expected 'int(const char *, __va_list_tag *)' [-Wbuiltin-declaration-mismatch]
   75 | char vprintf ();
      |      ^~~~~~~
conftest.c:63:1: note: 'vprintf' is declared in header '<stdio.h>'
   62 | # include <limits.h>
   63 | #else
configure:16932: $? = 0
configure:16932: result: yes
configure:16938: checking for _doprnt
configure:16938: gcc -o conftest -O3 -fomit-frame-pointer -mtune=native -malign-double -fstrict-aliasing -fno-schedule-insns   conftest.c  >&5
/usr/bin/ld: /tmp/ccdsyfpk.o: in function `main':
conftest.c:(.text.startup+0x9): undefined reference to `_doprnt'
collect2: error: ld returned 1 exit status
configure:16938: $? = 1
configure: failed program was:
| /* confdefs.h */
| #define PACKAGE_NAME "fftw"
| #define PACKAGE_TARNAME "fftw"
| #define PACKAGE_VERSION "3.3.9"
| #define PACKAGE_STRING "fftw 3.3.9"
| #define PACKAGE_BUGREPORT "fftw@fftw.org"
| #define PACKAGE_URL ""
| #define PACKAGE "fftw"
| #define VERSION "3.3.9"
| #define FFTW_ENABLE_ALLOCA 1
| #define HAVE_SSE2 1
| #define HAVE_AVX 1
| #define STDC_HEADERS 1
| #define HAVE_SYS_TYPES_H 1
| #define HAVE_SYS_STAT_H 1
| #define HAVE_STDLIB_H 1
| #define HAVE_STRING_H 1
| #define HAVE_MEMORY_H 1
| #define HAVE_STRINGS_H 1
| #define HAVE_INTTYPES_H 1
| #define HAVE_STDINT_H 1
| #define HAVE_UNISTD_H 1
| #define HAVE_DLFCN_H 1
| #define LT_OBJDIR ".libs/"
| #define HAVE_MPI 1
| #define SIZEOF_MPI_FINT 4
| #define STDC_HEADERS 1
| #define HAVE_FCNTL_H 1
| #define HAVE_FENV_H 1
| #define HAVE_LIMITS_H 1
| #define HAVE_MALLOC_H 1
| #define HAVE_STDDEF_H 1
| #define HAVE_SYS_TIME_H 1
| #define TIME_WITH_SYS_TIME 1
| #define HAVE_LONG_DOUBLE 1
| #define SIZEOF_INT 4
| #define SIZEOF_UNSIGNED_INT 4
| #define SIZEOF_LONG 8
| #define SIZEOF_UNSIGNED_LONG 8
| #define SIZEOF_LONG_LONG 8
| #define SIZEOF_UNSIGNED_LONG_LONG 8
| #define SIZEOF_SIZE_T 8
| #define SIZEOF_PTRDIFF_T 8
| #define HAVE_PTRDIFF_T 1
| #define HAVE_UINTPTR_T 1
| #define SIZEOF_FLOAT 4
| #define SIZEOF_DOUBLE 8
| #define SIZEOF_FFTW_R2R_KIND 4
| #define HAVE_ALLOCA_H 1
| #define HAVE_ALLOCA 1
| #define HAVE_VPRINTF 1
| /* end confdefs.h.  */
| /* Define _doprnt to an innocuous variant, in case <limits.h> declares _doprnt.
|    For example, HP-UX 11i <limits.h> declares gettimeofday.  */
| #define _doprnt innocuous__doprnt
| 
| /* System header to define __stub macros and hopefully few prototypes,
|     which can conflict with char _doprnt (); below.
|     Prefer <limits.h> to <assert.h> if __STDC__ is defined, since
|     <limits.h> exists even on freestanding compilers.  */
| 
| #ifdef __STDC__
| # include <limits.h>
| #else
| # include <assert.h>
| #endif
| 
| #undef _doprnt
| 
| /* Override any GCC internal prototype to avoid an error.
|    Use char because int might match the return type of a GCC
|    builtin and then its argument prototype would still apply.  */
| #ifdef __cplusplus
| extern "C"
| #endif
| char _doprnt ();
| /* The GNU C library defines this for functions which it implements
|     to always fail with ENOSYS.  Some functions are actually named
|     something starting with __ and the normal name is an alias.  */
| #if defined __stub__doprnt || defined __stub____doprnt
| choke me
| #endif
| 
| int
| main ()
| {
| return _doprnt ();
|   ;
|   return 0;
| }
configure:16938: result: no
configure:16949: checking for sin in -lm
configure:16974: gcc -o conftest -O3 -fomit-frame-pointer -mtune=native -malign-double -fstrict-aliasing -fno-schedule-insns   conftest.c -lm   >&5
conftest.c:60:6: warning: conflicting types for built-in function 'sin'; expected 'double(double)' [-Wbuiltin-declaration-mismatch]
   60 | char sin ();
      |      ^~~
conftest.c:1:1: note: 'sin' is declared in header '<math.h>'
    1 | /* confdefs.h */
configure:16974: $? = 0
configure:16983: result: yes
configure:17088: checking for BSDgettimeofday
configure:17088: gcc -o conftest -O3 -fomit-frame-pointer -mtune=native -malign-double -fstrict-aliasing -fno-schedule-insns   conftest.c -lm  >&5
/usr/bin/ld: /tmp/ccwTmNH7.o: in function `main':
conftest.c:(.text.startup+0x9): undefined reference to `BSDgettimeofday'
collect2: error: ld returned 1 exit status
configure:17088: $? = 1
configure: failed program was:
| /* confdefs.h */
| #define PACKAGE_NAME "fftw"
| #define PACKAGE_TARNAME "fftw"
| #define PACKAGE_VERSION "3.3.9"
| #define PACKAGE_STRING "fftw 3.3.9"
| #define PACKAGE_BUGREPORT "fftw@fftw.org"
| #define PACKAGE_URL ""
| #define PACKAGE "fftw"
| #define VERSION "3.3.9"
| #define FFTW_ENABLE_ALLOCA 1
| #define HAVE_SSE2 1
| #define HAVE_AVX 1
| #define STDC_HEADERS 1
| #define HAVE_SYS_TYPES_H 1
| #define HAVE_SYS_STAT_H 1
| #define HAVE_STDLIB_H 1
| #define HAVE_STRING_H 1
| #define HAVE_MEMORY_H 1
| #define HAVE_STRINGS_H 1
| #define HAVE_INTTYPES_H 1
| #define HAVE_STDINT_H 1
| #define HAVE_UNISTD_H 1
| #define HAVE_DLFCN_H 1
| #define LT_OBJDIR ".libs/"
| #define HAVE_MPI 1
| #define SIZEOF_MPI_FINT 4
| #define STDC_HEADERS 1
| #define HAVE_FCNTL_H 1
| #define HAVE_FENV_H 1
| #define HAVE_LIMITS_H 1
| #define HAVE_MALLOC_H 1
| #define HAVE_STDDEF_H 1
| #define HAVE_SYS_TIME_H 1
| #define TIME_WITH_SYS_TIME 1
| #define HAVE_LONG_DOUBLE 1
| #define SIZEOF_INT 4
| #define SIZEOF_UNSIGNED_INT 4
| #define SIZEOF_LONG 8
| #define SIZEOF_UNSIGNED_LONG 8
| #define SIZEOF_LONG_LONG 8
| #define SIZEOF_UNSIGNED_LONG_LONG 8
| #define SIZEOF_SIZE_T 8
| #define SIZEOF_PTRDIFF_T 8
| #define HAVE_PTRDIFF_T 1
| #define HAVE_UINTPTR_T 1
| #define SIZEOF_FLOAT 4
| #define SIZEOF_DOUBLE 8
| #define SIZEOF_FFTW_R2R_KIND 4
| #define HAVE_ALLOCA_H 1
| #define HAVE_ALLOCA 1
| #define HAVE_VPRINTF 1
| #define HAVE_LIBM 1
| /* end confdefs.h.  */
| /* Define BSDgettimeofday to an innocuous variant, in case <limits.h> declares BSDgettimeofday.
|    For example, HP-UX 11i <limits.h> declares gettimeofday.  */
| #define BSDgettimeofday innocuous_BSDgettimeofday
| 
| /* System header to define __stub macros and hopefully few prototypes,
|     which can conflict with char BSDgettimeofday (); below.
|     Prefer <limits.h> to <assert.h> if __STDC__ is defined, since
|     <limits.h> exists even on freestanding compilers.  */
| 
| #ifdef __STDC__
| # include <limits.h>
| #else
| # include <assert.h>
| #endif
| 
| #undef BSDgettimeofday
| 
| /* Override any GCC internal prototype to avoid an error.
|    Use char because int might match the return type of a GCC
|    builtin and then its argument prototype would still apply.  */
| #ifdef __cplusplus
| extern "C"
| #endif
| char BSDgettimeofday ();
| /* The GNU C library defines this for functions which it implements
|     to always fail with ENOSYS.  Some functions are actually named
|     something starting with __ and the normal name is an alias.  */
| #if defined __stub_BSDgettimeofday || defined __stub___BSDgettimeofday
| choke me
| #endif
| 
| int
| main ()
| {
| return BSDgettimeofday ();
|   ;
|   return 0;
| }
configure:17088: result: no
configure:17088: checking for gettimeofday
configure:17088: gcc -o conftest -O3 -fomit-frame-pointer -mtune=native -malign-double -fstrict-aliasing -fno-schedule-insns   conftest.c -lm  >&5
configure:17088: $? = 0
configure:17088: result: yes
configure:17088: checking for gethrtime
configure:17088: gcc -o conftest -O3 -fomit-frame-pointer -mtune=native -malign-double -fstrict-aliasing -fno-schedule-insns   conftest.c -lm  >&5
/usr/bin/ld: /tmp/ccpiBjXd.o: in function `main':
conftest.c:(.text.startup+0x9): undefined reference to `gethrtime'
collect2: error: ld returned 1 exit status
configure:17088: $? = 1
configure: failed program was:
| /* confdefs.h */
| #define PACKAGE_NAME "fftw"
| #define PACKAGE_TARNAME "fftw"
| #define PACKAGE_VERSION "3.3.9"
| #define PACKAGE_STRING "fftw 3.3.9"
| #define PACKAGE_BUGREPORT "fftw@fftw.org"
| #define PACKAGE_URL ""
| #define PACKAGE "fftw"
| #define VERSION "3.3.9"
| #define FFTW_ENABLE_ALLOCA 1
| #define HAVE_SSE2 1
| #define HAVE_AVX 1
| #define STDC_HEADERS 1
| #define HAVE_SYS_TYPES_H 1
| #define HAVE_SYS_STAT_H 1
| #define HAVE_STDLIB_H 1
| #define HAVE_STRING_H 1
| #define HAVE_MEMORY_H 1
| #define HAVE_STRINGS_H 1
| #define HAVE_INTTYPES_H 1
| #define HAVE_STDINT_H 1
| #define HAVE_UNISTD_H 1
| #define HAVE_DLFCN_H 1
| #define LT_OBJDIR ".libs/"
| #define HAVE_MPI 1
| #define SIZEOF_MPI_FINT 4
| #define STDC_HEADERS 1
| #define HAVE_FCNTL_H 1
| #define HAVE_FENV_H 1
| #define HAVE_LIMITS_H 1
| #define HAVE_MALLOC_H 1
| #define HAVE_STDDEF_H 1
| #define HAVE_SYS_TIME_H 1
| #define TIME_WITH_SYS_TIME 1
| #define HAVE_LONG_DOUBLE 1
| #define SIZEOF_INT 4
| #define SIZEOF_UNSIGNED_INT 4
| #define SIZEOF_LONG 8
| #define SIZEOF_UNSIGNED_LONG 8
| #define SIZEOF_LONG_LONG 8
| #define SIZEOF_UNSIGNED_LONG_LONG 8
| #define SIZEOF_SIZE_T 8
| #define SIZEOF_PTRDIFF_T 8
| #define HAVE_PTRDIFF_T 1
| #define HAVE_UINTPTR_T 1
| #define SIZEOF_FLOAT 4
| #define SIZEOF_DOUBLE 8
| #define SIZEOF_FFTW_R2R_KIND 4
| #define HAVE_ALLOCA_H 1
| #define HAVE_ALLOCA 1
| #define HAVE_VPRINTF 1
| #define HAVE_LIBM 1
| #define HAVE_GETTIMEOFDAY 1
| /* end confdefs.h.  */
| /* Define gethrtime to an innocuous variant, in case <limits.h> declares gethrtime.
|    For example, HP-UX 11i <limits.h> declares gettimeofday.  */
| #define gethrtime innocuous_gethrtime
| 
| /* System header to define __stub macros and hopefully few prototypes,
|     which can conflict with char gethrtime (); below.
|     Prefer <limits.h> to <assert.h> if __STDC__ is defined, since
|     <limits.h> exists even on freestanding compilers.  */
| 
| #ifdef __STDC__
| # include <limits.h>
| #else
| # include <assert.h>
| #endif
| 
| #undef gethrtime
| 
| /* Override any GCC internal prototype to avoid an error.
|    Use char because int might match the return type of a GCC
|    builtin and then its argument prototype would still apply.  */
| #ifdef __cplusplus
| extern "C"
| #endif
| char gethrtime ();
| /* The GNU C library defines this for functions which it implements
|     to always fail with ENOSYS.  Some functions are actually named
|     something starting with __ and the normal name is an alias.  */
| #if defined __stub_gethrtime || defined __stub___gethrtime
| choke me
| #endif
| 
| int
| main ()
| {
| return gethrtime ();
|   ;
|   return 0;
| }
configure:17088: result: no
configure:17088: checking for read_real_time
configure:17088: gcc -o conftest -O3 -fomit-frame-pointer -mtune=native -malign-double -fstrict-aliasing -fno-schedule-insns   conftest.c -lm  >&5
/usr/bin/ld: /tmp/ccMnARui.o: in function `main':
conftest.c:(.text.startup+0x9): undefined reference to `read_real_time'
collect2: error: ld returned 1 exit status
configure:17088: $? = 1
configure: failed program was:
| /* confdefs.h */
| #define PACKAGE_NAME "fftw"
| #define PACKAGE_TARNAME "fftw"
| #define PACKAGE_VERSION "3.3.9"
| #define PACKAGE_STRING "fftw 3.3.9"
| #define PACKAGE_BUGREPORT "fftw@fftw.org"
| #define PACKAGE_URL ""
| #define PACKAGE "fftw"
| #define VERSION "3.3.9"
| #define FFTW_ENABLE_ALLOCA 1
| #define HAVE_SSE2 1
| #define HAVE_AVX 1
| #define STDC_HEADERS 1
| #define HAVE_SYS_TYPES_H 1
| #define HAVE_SYS_STAT_H 1
| #define HAVE_STDLIB_H 1
| #define HAVE_STRING_H 1
| #define HAVE_MEMORY_H 1
| #define HAVE_STRINGS_H 1
| #define HAVE_INTTYPES_H 1
| #define HAVE_STDINT_H 1
| #define HAVE_UNISTD_H 1
| #define HAVE_DLFCN_H 1
| #define LT_OBJDIR ".libs/"
| #define HAVE_MPI 1
| #define SIZEOF_MPI_FINT 4
| #define STDC_HEADERS 1
| #define HAVE_FCNTL_H 1
| #define HAVE_FENV_H 1
| #define HAVE_LIMITS_H 1
| #define HAVE_MALLOC_H 1
| #define HAVE_STDDEF_H 1
| #define HAVE_SYS_TIME_H 1
| #define TIME_WITH_SYS_TIME 1
| #define HAVE_LONG_DOUBLE 1
| #define SIZEOF_INT 4
| #define SIZEOF_UNSIGNED_INT 4
| #define SIZEOF_LONG 8
| #define SIZEOF_UNSIGNED_LONG 8
| #define SIZEOF_LONG_LONG 8
| #define SIZEOF_UNSIGNED_LONG_LONG 8
| #define SIZEOF_SIZE_T 8
| #define SIZEOF_PTRDIFF_T 8
| #define HAVE_PTRDIFF_T 1
| #define HAVE_UINTPTR_T 1
| #define SIZEOF_FLOAT 4
| #define SIZEOF_DOUBLE 8
| #define SIZEOF_FFTW_R2R_KIND 4
| #define HAVE_ALLOCA_H 1
| #define HAVE_ALLOCA 1
| #define HAVE_VPRINTF 1
| #define HAVE_LIBM 1
| #define HAVE_GETTIMEOFDAY 1
| /* end confdefs.h.  */
| /* Define read_real_time to an innocuous variant, in case <limits.h> declares read_real_time.
|    For example, HP-UX 11i <limits.h> declares gettimeofday.  */
| #define read_real_time innocuous_read_real_time
| 
| /* System header to define __stub macros and hopefully few prototypes,
|     which can conflict with char read_real_time (); below.
|     Prefer <limits.h> to <assert.h> if __STDC__ is defined, since
|     <limits.h> exists even on freestanding compilers.  */
| 
| #ifdef __STDC__
| # include <limits.h>
| #else
| # include <assert.h>
| #endif
| 
| #undef read_real_time
| 
| /* Override any GCC internal prototype to avoid an error.
|    Use char because int might match the return type of a GCC
|    builtin and then its argument prototype would still apply.  */
| #ifdef __cplusplus
| extern "C"
| #endif
| char read_real_time ();
| /* The GNU C library defines this for functions which it implements
|     to always fail with ENOSYS.  Some functions are actually named
|     something starting with __ and the normal name is an alias.  */
| #if defined __stub_read_real_time || defined __stub___read_real_time
| choke me
| #endif
| 
| int
| main ()
| {
| return read_real_time ();
|   ;
|   return 0;
| }
configure:17088: result: no
configure:17088: checking for time_base_to_time
configure:17088: gcc -o conftest -O3 -fomit-frame-pointer -mtune=native -malign-double -fstrict-aliasing -fno-schedule-insns   conftest.c -lm  >&5
/usr/bin/ld: /tmp/cc7sxioo.o: in function `main':
conftest.c:(.text.startup+0x9): undefined reference to `time_base_to_time'
collect2: error: ld returned 1 exit status
configure:17088: $? = 1
configure: failed program was:
| /* confdefs.h */
| #define PACKAGE_NAME "fftw"
| #define PACKAGE_TARNAME "fftw"
| #define PACKAGE_VERSION "3.3.9"
| #define PACKAGE_STRING "fftw 3.3.9"
| #define PACKAGE_BUGREPORT "fftw@fftw.org"
| #define PACKAGE_URL ""
| #define PACKAGE "fftw"
| #define VERSION "3.3.9"
| #define FFTW_ENABLE_ALLOCA 1
| #define HAVE_SSE2 1
| #define HAVE_AVX 1
| #define STDC_HEADERS 1
| #define HAVE_SYS_TYPES_H 1
| #define HAVE_SYS_STAT_H 1
| #define HAVE_STDLIB_H 1
| #define HAVE_STRING_H 1
| #define HAVE_MEMORY_H 1
| #define HAVE_STRINGS_H 1
| #define HAVE_INTTYPES_H 1
| #define HAVE_STDINT_H 1
| #define HAVE_UNISTD_H 1
| #define HAVE_DLFCN_H 1
| #define LT_OBJDIR ".libs/"
| #define HAVE_MPI 1
| #define SIZEOF_MPI_FINT 4
| #define STDC_HEADERS 1
| #define HAVE_FCNTL_H 1
| #define HAVE_FENV_H 1
| #define HAVE_LIMITS_H 1
| #define HAVE_MALLOC_H 1
| #define HAVE_STDDEF_H 1
| #define HAVE_SYS_TIME_H 1
| #define TIME_WITH_SYS_TIME 1
| #define HAVE_LONG_DOUBLE 1
| #define SIZEOF_INT 4
| #define SIZEOF_UNSIGNED_INT 4
| #define SIZEOF_LONG 8
| #define SIZEOF_UNSIGNED_LONG 8
| #define SIZEOF_LONG_LONG 8
| #define SIZEOF_UNSIGNED_LONG_LONG 8
| #define SIZEOF_SIZE_T 8
| #define SIZEOF_PTRDIFF_T 8
| #define HAVE_PTRDIFF_T 1
| #define HAVE_UINTPTR_T 1
| #define SIZEOF_FLOAT 4
| #define SIZEOF_DOUBLE 8
| #define SIZEOF_FFTW_R2R_KIND 4
| #define HAVE_ALLOCA_H 1
| #define HAVE_ALLOCA 1
| #define HAVE_VPRINTF 1
| #define HAVE_LIBM 1
| #define HAVE_GETTIMEOFDAY 1
| /* end confdefs.h.  */
| /* Define time_base_to_time to an innocuous variant, in case <limits.h> declares time_base_to_time.
|    For example, HP-UX 11i <limits.h> declares gettimeofday.  */
| #define time_base_to_time innocuous_time_base_to_time
| 
| /* System header to define __stub macros and hopefully few prototypes,
|     which can conflict with char time_base_to_time (); below.
|     Prefer <limits.h> to <assert.h> if __STDC__ is defined, since
|     <limits.h> exists even on freestanding compilers.  */
| 
| #ifdef __STDC__
| # include <limits.h>
| #else
| # include <assert.h>
| #endif
| 
| #undef time_base_to_time
| 
| /* Override any GCC internal prototype to avoid an error.
|    Use char because int might match the return type of a GCC
|    builtin and then its argument prototype would still apply.  */
| #ifdef __cplusplus
| extern "C"
| #endif
| char time_base_to_time ();
| /* The GNU C library defines this for functions which it implements
|     to always fail with ENOSYS.  Some functions are actually named
|     something starting with __ and the normal name is an alias.  */
| #if defined __stub_time_base_to_time || defined __stub___time_base_to_time
| choke me
| #endif
| 
| int
| main ()
| {
| return time_base_to_time ();
|   ;
|   return 0;
| }
configure:17088: result: no
configure:17088: checking for drand48
configure:17088: gcc -o conftest -O3 -fomit-frame-pointer -mtune=native -malign-double -fstrict-aliasing -fno-schedule-insns   conftest.c -lm  >&5
configure:17088: $? = 0
configure:17088: result: yes
configure:17088: checking for sqrt
configure:17088: gcc -o conftest -O3 -fomit-frame-pointer -mtune=native -malign-double -fstrict-aliasing -fno-schedule-insns   conftest.c -lm  >&5
conftest.c:79:6: warning: conflicting types for built-in function 'sqrt'; expected 'double(double)' [-Wbuiltin-declaration-mismatch]
   79 | char sqrt ();
      |      ^~~~
conftest.c:67:1: note: 'sqrt' is declared in header '<math.h>'
   66 | # include <limits.h>
   67 | #else
configure:17088: $? = 0
configure:17088: result: yes
configure:17088: checking for memset
configure:17088: gcc -o conftest -O3 -fomit-frame-pointer -mtune=native -malign-double -fstrict-aliasing -fno-schedule-insns   conftest.c -lm  >&5
conftest.c:80:6: warning: conflicting types for built-in function 'memset'; expected 'void *(void *, int,  long unsigned int)' [-Wbuiltin-declaration-mismatch]
   80 | char memset ();
      |      ^~~~~~
conftest.c:68:1: note: 'memset' is declared in header '<string.h>'
   67 | # include <limits.h>
   68 | #else
configure:17088: $? = 0
configure:17088: result: yes
configure:17088: checking for posix_memalign
configure:17088: gcc -o conftest -O3 -fomit-frame-pointer -mtune=native -malign-double -fstrict-aliasing -fno-schedule-insns   conftest.c -lm  >&5
conftest.c:81:6: warning: conflicting types for built-in function 'posix_memalign'; expected 'int(void **, long unsigned int,  long unsigned int)' [-Wbuiltin-declaration-mismatch]
   81 | char posix_memalign ();
      |      ^~~~~~~~~~~~~~
configure:17088: $? = 0
configure:17088: result: yes
configure:17088: checking for memalign
configure:17088: gcc -o conftest -O3 -fomit-frame-pointer -mtune=native -malign-double -fstrict-aliasing -fno-schedule-insns   conftest.c -lm  >&5
configure:17088: $? = 0
configure:17088: result: yes
configure:17088: checking for _mm_malloc
configure:17088: gcc -o conftest -O3 -fomit-frame-pointer -mtune=native -malign-double -fstrict-aliasing -fno-schedule-insns   conftest.c -lm  >&5
/usr/bin/ld: /tmp/ccFinZOe.o: in function `main':
conftest.c:(.text.startup+0x9): undefined reference to `_mm_malloc'
collect2: error: ld returned 1 exit status
configure:17088: $? = 1
configure: failed program was:
| /* confdefs.h */
| #define PACKAGE_NAME "fftw"
| #define PACKAGE_TARNAME "fftw"
| #define PACKAGE_VERSION "3.3.9"
| #define PACKAGE_STRING "fftw 3.3.9"
| #define PACKAGE_BUGREPORT "fftw@fftw.org"
| #define PACKAGE_URL ""
| #define PACKAGE "fftw"
| #define VERSION "3.3.9"
| #define FFTW_ENABLE_ALLOCA 1
| #define HAVE_SSE2 1
| #define HAVE_AVX 1
| #define STDC_HEADERS 1
| #define HAVE_SYS_TYPES_H 1
| #define HAVE_SYS_STAT_H 1
| #define HAVE_STDLIB_H 1
| #define HAVE_STRING_H 1
| #define HAVE_MEMORY_H 1
| #define HAVE_STRINGS_H 1
| #define HAVE_INTTYPES_H 1
| #define HAVE_STDINT_H 1
| #define HAVE_UNISTD_H 1
| #define HAVE_DLFCN_H 1
| #define LT_OBJDIR ".libs/"
| #define HAVE_MPI 1
| #define SIZEOF_MPI_FINT 4
| #define STDC_HEADERS 1
| #define HAVE_FCNTL_H 1
| #define HAVE_FENV_H 1
| #define HAVE_LIMITS_H 1
| #define HAVE_MALLOC_H 1
| #define HAVE_STDDEF_H 1
| #define HAVE_SYS_TIME_H 1
| #define TIME_WITH_SYS_TIME 1
| #define HAVE_LONG_DOUBLE 1
| #define SIZEOF_INT 4
| #define SIZEOF_UNSIGNED_INT 4
| #define SIZEOF_LONG 8
| #define SIZEOF_UNSIGNED_LONG 8
| #define SIZEOF_LONG_LONG 8
| #define SIZEOF_UNSIGNED_LONG_LONG 8
| #define SIZEOF_SIZE_T 8
| #define SIZEOF_PTRDIFF_T 8
| #define HAVE_PTRDIFF_T 1
| #define HAVE_UINTPTR_T 1
| #define SIZEOF_FLOAT 4
| #define SIZEOF_DOUBLE 8
| #define SIZEOF_FFTW_R2R_KIND 4
| #define HAVE_ALLOCA_H 1
| #define HAVE_ALLOCA 1
| #define HAVE_VPRINTF 1
| #define HAVE_LIBM 1
| #define HAVE_GETTIMEOFDAY 1
| #define HAVE_DRAND48 1
| #define HAVE_SQRT 1
| #define HAVE_MEMSET 1
| #define HAVE_POSIX_MEMALIGN 1
| #define HAVE_MEMALIGN 1
| /* end confdefs.h.  */
| /* Define _mm_malloc to an innocuous variant, in case <limits.h> declares _mm_malloc.
|    For example, HP-UX 11i <limits.h> declares gettimeofday.  */
| #define _mm_malloc innocuous__mm_malloc
| 
| /* System header to define __stub macros and hopefully few prototypes,
|     which can conflict with char _mm_malloc (); below.
|     Prefer <limits.h> to <assert.h> if __STDC__ is defined, since
|     <limits.h> exists even on freestanding compilers.  */
| 
| #ifdef __STDC__
| # include <limits.h>
| #else
| # include <assert.h>
| #endif
| 
| #undef _mm_malloc
| 
| /* Override any GCC internal prototype to avoid an error.
|    Use char because int might match the return type of a GCC
|    builtin and then its argument prototype would still apply.  */
| #ifdef __cplusplus
| extern "C"
| #endif
| char _mm_malloc ();
| /* The GNU C library defines this for functions which it implements
|     to always fail with ENOSYS.  Some functions are actually named
|     something starting with __ and the normal name is an alias.  */
| #if defined __stub__mm_malloc || defined __stub____mm_malloc
| choke me
| #endif
| 
| int
| main ()
| {
| return _mm_malloc ();
|   ;
|   return 0;
| }
configure:17088: result: no
configure:17088: checking for _mm_free
configure:17088: gcc -o conftest -O3 -fomit-frame-pointer -mtune=native -malign-double -fstrict-aliasing -fno-schedule-insns   conftest.c -lm  >&5
/usr/bin/ld: /tmp/ccjrSfk9.o: in function `main':
conftest.c:(.text.startup+0x9): undefined reference to `_mm_free'
collect2: error: ld returned 1 exit status
configure:17088: $? = 1
configure: failed program was:
| /* confdefs.h */
| #define PACKAGE_NAME "fftw"
| #define PACKAGE_TARNAME "fftw"
| #define PACKAGE_VERSION "3.3.9"
| #define PACKAGE_STRING "fftw 3.3.9"
| #define PACKAGE_BUGREPORT "fftw@fftw.org"
| #define PACKAGE_URL ""
| #define PACKAGE "fftw"
| #define VERSION "3.3.9"
| #define FFTW_ENABLE_ALLOCA 1
| #define HAVE_SSE2 1
| #define HAVE_AVX 1
| #define STDC_HEADERS 1
| #define HAVE_SYS_TYPES_H 1
| #define HAVE_SYS_STAT_H 1
| #define HAVE_STDLIB_H 1
| #define HAVE_STRING_H 1
| #define HAVE_MEMORY_H 1
| #define HAVE_STRINGS_H 1
| #define HAVE_INTTYPES_H 1
| #define HAVE_STDINT_H 1
| #define HAVE_UNISTD_H 1
| #define HAVE_DLFCN_H 1
| #define LT_OBJDIR ".libs/"
| #define HAVE_MPI 1
| #define SIZEOF_MPI_FINT 4
| #define STDC_HEADERS 1
| #define HAVE_FCNTL_H 1
| #define HAVE_FENV_H 1
| #define HAVE_LIMITS_H 1
| #define HAVE_MALLOC_H 1
| #define HAVE_STDDEF_H 1
| #define HAVE_SYS_TIME_H 1
| #define TIME_WITH_SYS_TIME 1
| #define HAVE_LONG_DOUBLE 1
| #define SIZEOF_INT 4
| #define SIZEOF_UNSIGNED_INT 4
| #define SIZEOF_LONG 8
| #define SIZEOF_UNSIGNED_LONG 8
| #define SIZEOF_LONG_LONG 8
| #define SIZEOF_UNSIGNED_LONG_LONG 8
| #define SIZEOF_SIZE_T 8
| #define SIZEOF_PTRDIFF_T 8
| #define HAVE_PTRDIFF_T 1
| #define HAVE_UINTPTR_T 1
| #define SIZEOF_FLOAT 4
| #define SIZEOF_DOUBLE 8
| #define SIZEOF_FFTW_R2R_KIND 4
| #define HAVE_ALLOCA_H 1
| #define HAVE_ALLOCA 1
| #define HAVE_VPRINTF 1
| #define HAVE_LIBM 1
| #define HAVE_GETTIMEOFDAY 1
| #define HAVE_DRAND48 1
| #define HAVE_SQRT 1
| #define HAVE_MEMSET 1
| #define HAVE_POSIX_MEMALIGN 1
| #define HAVE_MEMALIGN 1
| /* end confdefs.h.  */
| /* Define _mm_free to an innocuous variant, in case <limits.h> declares _mm_free.
|    For example, HP-UX 11i <limits.h> declares gettimeofday.  */
| #define _mm_free innocuous__mm_free
| 
| /* System header to define __stub macros and hopefully few prototypes,
|     which can conflict with char _mm_free (); below.
|     Prefer <limits.h> to <assert.h> if __STDC__ is defined, since
|     <limits.h> exists even on freestanding compilers.  */
| 
| #ifdef __STDC__
| # include <limits.h>
| #else
| # include <assert.h>
| #endif
| 
| #undef _mm_free
| 
| /* Override any GCC internal prototype to avoid an error.
|    Use char because int might match the return type of a GCC
|    builtin and then its argument prototype would still apply.  */
| #ifdef __cplusplus
| extern "C"
| #endif
| char _mm_free ();
| /* The GNU C library defines this for functions which it implements
|     to always fail with ENOSYS.  Some functions are actually named
|     something starting with __ and the normal name is an alias.  */
| #if defined __stub__mm_free || defined __stub____mm_free
| choke me
| #endif
| 
| int
| main ()
| {
| return _mm_free ();
|   ;
|   return 0;
| }
configure:17088: result: no
configure:17088: checking for clock_gettime
configure:17088: gcc -o conftest -O3 -fomit-frame-pointer -mtune=native -malign-double -fstrict-aliasing -fno-schedule-insns   conftest.c -lm  >&5
configure:17088: $? = 0
configure:17088: result: yes
configure:17088: checking for mach_absolute_time
configure:17088: gcc -o conftest -O3 -fomit-frame-pointer -mtune=native -malign-double -fstrict-aliasing -fno-schedule-insns   conftest.c -lm  >&5
/usr/bin/ld: /tmp/ccV3sv40.o: in function `main':
conftest.c:(.text.startup+0x9): undefined reference to `mach_absolute_time'
collect2: error: ld returned 1 exit status
configure:17088: $? = 1
configure: failed program was:
| /* confdefs.h */
| #define PACKAGE_NAME "fftw"
| #define PACKAGE_TARNAME "fftw"
| #define PACKAGE_VERSION "3.3.9"
| #define PACKAGE_STRING "fftw 3.3.9"
| #define PACKAGE_BUGREPORT "fftw@fftw.org"
| #define PACKAGE_URL ""
| #define PACKAGE "fftw"
| #define VERSION "3.3.9"
| #define FFTW_ENABLE_ALLOCA 1
| #define HAVE_SSE2 1
| #define HAVE_AVX 1
| #define STDC_HEADERS 1
| #define HAVE_SYS_TYPES_H 1
| #define HAVE_SYS_STAT_H 1
| #define HAVE_STDLIB_H 1
| #define HAVE_STRING_H 1
| #define HAVE_MEMORY_H 1
| #define HAVE_STRINGS_H 1
| #define HAVE_INTTYPES_H 1
| #define HAVE_STDINT_H 1
| #define HAVE_UNISTD_H 1
| #define HAVE_DLFCN_H 1
| #define LT_OBJDIR ".libs/"
| #define HAVE_MPI 1
| #define SIZEOF_MPI_FINT 4
| #define STDC_HEADERS 1
| #define HAVE_FCNTL_H 1
| #define HAVE_FENV_H 1
| #define HAVE_LIMITS_H 1
| #define HAVE_MALLOC_H 1
| #define HAVE_STDDEF_H 1
| #define HAVE_SYS_TIME_H 1
| #define TIME_WITH_SYS_TIME 1
| #define HAVE_LONG_DOUBLE 1
| #define SIZEOF_INT 4
| #define SIZEOF_UNSIGNED_INT 4
| #define SIZEOF_LONG 8
| #define SIZEOF_UNSIGNED_LONG 8
| #define SIZEOF_LONG_LONG 8
| #define SIZEOF_UNSIGNED_LONG_LONG 8
| #define SIZEOF_SIZE_T 8
| #define SIZEOF_PTRDIFF_T 8
| #define HAVE_PTRDIFF_T 1
| #define HAVE_UINTPTR_T 1
| #define SIZEOF_FLOAT 4
| #define SIZEOF_DOUBLE 8
| #define SIZEOF_FFTW_R2R_KIND 4
| #define HAVE_ALLOCA_H 1
| #define HAVE_ALLOCA 1
| #define HAVE_VPRINTF 1
| #define HAVE_LIBM 1
| #define HAVE_GETTIMEOFDAY 1
| #define HAVE_DRAND48 1
| #define HAVE_SQRT 1
| #define HAVE_MEMSET 1
| #define HAVE_POSIX_MEMALIGN 1
| #define HAVE_MEMALIGN 1
| #define HAVE_CLOCK_GETTIME 1
| /* end confdefs.h.  */
| /* Define mach_absolute_time to an innocuous variant, in case <limits.h> declares mach_absolute_time.
|    For example, HP-UX 11i <limits.h> declares gettimeofday.  */
| #define mach_absolute_time innocuous_mach_absolute_time
| 
| /* System header to define __stub macros and hopefully few prototypes,
|     which can conflict with char mach_absolute_time (); below.
|     Prefer <limits.h> to <assert.h> if __STDC__ is defined, since
|     <limits.h> exists even on freestanding compilers.  */
| 
| #ifdef __STDC__
| # include <limits.h>
| #else
| # include <assert.h>
| #endif
| 
| #undef mach_absolute_time
| 
| /* Override any GCC internal prototype to avoid an error.
|    Use char because int might match the return type of a GCC
|    builtin and then its argument prototype would still apply.  */
| #ifdef __cplusplus
| extern "C"
| #endif
| char mach_absolute_time ();
| /* The GNU C library defines this for functions which it implements
|     to always fail with ENOSYS.  Some functions are actually named
|     something starting with __ and the normal name is an alias.  */
| #if defined __stub_mach_absolute_time || defined __stub___mach_absolute_time
| choke me
| #endif
| 
| int
| main ()
| {
| return mach_absolute_time ();
|   ;
|   return 0;
| }
configure:17088: result: no
configure:17088: checking for sysctl
configure:17088: gcc -o conftest -O3 -fomit-frame-pointer -mtune=native -malign-double -fstrict-aliasing -fno-schedule-insns   conftest.c -lm  >&5
/usr/bin/ld: /tmp/ccLBo7Us.o: in function `main':
conftest.c:(.text.startup+0x9): undefined reference to `sysctl'
collect2: error: ld returned 1 exit status
configure:17088: $? = 1
configure: failed program was:
| /* confdefs.h */
| #define PACKAGE_NAME "fftw"
| #define PACKAGE_TARNAME "fftw"
| #define PACKAGE_VERSION "3.3.9"
| #define PACKAGE_STRING "fftw 3.3.9"
| #define PACKAGE_BUGREPORT "fftw@fftw.org"
| #define PACKAGE_URL ""
| #define PACKAGE "fftw"
| #define VERSION "3.3.9"
| #define FFTW_ENABLE_ALLOCA 1
| #define HAVE_SSE2 1
| #define HAVE_AVX 1
| #define STDC_HEADERS 1
| #define HAVE_SYS_TYPES_H 1
| #define HAVE_SYS_STAT_H 1
| #define HAVE_STDLIB_H 1
| #define HAVE_STRING_H 1
| #define HAVE_MEMORY_H 1
| #define HAVE_STRINGS_H 1
| #define HAVE_INTTYPES_H 1
| #define HAVE_STDINT_H 1
| #define HAVE_UNISTD_H 1
| #define HAVE_DLFCN_H 1
| #define LT_OBJDIR ".libs/"
| #define HAVE_MPI 1
| #define SIZEOF_MPI_FINT 4
| #define STDC_HEADERS 1
| #define HAVE_FCNTL_H 1
| #define HAVE_FENV_H 1
| #define HAVE_LIMITS_H 1
| #define HAVE_MALLOC_H 1
| #define HAVE_STDDEF_H 1
| #define HAVE_SYS_TIME_H 1
| #define TIME_WITH_SYS_TIME 1
| #define HAVE_LONG_DOUBLE 1
| #define SIZEOF_INT 4
| #define SIZEOF_UNSIGNED_INT 4
| #define SIZEOF_LONG 8
| #define SIZEOF_UNSIGNED_LONG 8
| #define SIZEOF_LONG_LONG 8
| #define SIZEOF_UNSIGNED_LONG_LONG 8
| #define SIZEOF_SIZE_T 8
| #define SIZEOF_PTRDIFF_T 8
| #define HAVE_PTRDIFF_T 1
| #define HAVE_UINTPTR_T 1
| #define SIZEOF_FLOAT 4
| #define SIZEOF_DOUBLE 8
| #define SIZEOF_FFTW_R2R_KIND 4
| #define HAVE_ALLOCA_H 1
| #define HAVE_ALLOCA 1
| #define HAVE_VPRINTF 1
| #define HAVE_LIBM 1
| #define HAVE_GETTIMEOFDAY 1
| #define HAVE_DRAND48 1
| #define HAVE_SQRT 1
| #define HAVE_MEMSET 1
| #define HAVE_POSIX_MEMALIGN 1
| #define HAVE_MEMALIGN 1
| #define HAVE_CLOCK_GETTIME 1
| /* end confdefs.h.  */
| /* Define sysctl to an innocuous variant, in case <limits.h> declares sysctl.
|    For example, HP-UX 11i <limits.h> declares gettimeofday.  */
| #define sysctl innocuous_sysctl
| 
| /* System header to define __stub macros and hopefully few prototypes,
|     which can conflict with char sysctl (); below.
|     Prefer <limits.h> to <assert.h> if __STDC__ is defined, since
|     <limits.h> exists even on freestanding compilers.  */
| 
| #ifdef __STDC__
| # include <limits.h>
| #else
| # include <assert.h>
| #endif
| 
| #undef sysctl
| 
| /* Override any GCC internal prototype to avoid an error.
|    Use char because int might match the return type of a GCC
|    builtin and then its argument prototype would still apply.  */
| #ifdef __cplusplus
| extern "C"
| #endif
| char sysctl ();
| /* The GNU C library defines this for functions which it implements
|     to always fail with ENOSYS.  Some functions are actually named
|     something starting with __ and the normal name is an alias.  */
| #if defined __stub_sysctl || defined __stub___sysctl
| choke me
| #endif
| 
| int
| main ()
| {
| return sysctl ();
|   ;
|   return 0;
| }
configure:17088: result: no
configure:17088: checking for abort
configure:17088: gcc -o conftest -O3 -fomit-frame-pointer -mtune=native -malign-double -fstrict-aliasing -fno-schedule-insns   conftest.c -lm  >&5
conftest.c:84:6: warning: conflicting types for built-in function 'abort'; expected 'void(void)' [-Wbuiltin-declaration-mismatch]
   84 | char abort ();
      |      ^~~~~
conftest.c:72:1: note: 'abort' is declared in header '<stdlib.h>'
   71 | # include <limits.h>
   72 | #else
configure:17088: $? = 0
configure:17088: result: yes
configure:17088: checking for sinl
configure:17088: gcc -o conftest -O3 -fomit-frame-pointer -mtune=native -malign-double -fstrict-aliasing -fno-schedule-insns   conftest.c -lm  >&5
conftest.c:85:6: warning: conflicting types for built-in function 'sinl'; expected 'long double(long double)' [-Wbuiltin-declaration-mismatch]
   85 | char sinl ();
      |      ^~~~
conftest.c:73:1: note: 'sinl' is declared in header '<math.h>'
   72 | # include <limits.h>
   73 | #else
configure:17088: $? = 0
configure:17088: result: yes
configure:17088: checking for cosl
configure:17088: gcc -o conftest -O3 -fomit-frame-pointer -mtune=native -malign-double -fstrict-aliasing -fno-schedule-insns   conftest.c -lm  >&5
conftest.c:86:6: warning: conflicting types for built-in function 'cosl'; expected 'long double(long double)' [-Wbuiltin-declaration-mismatch]
   86 | char cosl ();
      |      ^~~~
conftest.c:74:1: note: 'cosl' is declared in header '<math.h>'
   73 | # include <limits.h>
   74 | #else
configure:17088: $? = 0
configure:17088: result: yes
configure:17088: checking for snprintf
configure:17088: gcc -o conftest -O3 -fomit-frame-pointer -mtune=native -malign-double -fstrict-aliasing -fno-schedule-insns   conftest.c -lm  >&5
conftest.c:87:6: warning: conflicting types for built-in function 'snprintf'; expected 'int(char *, long unsigned int,  const char *, ...)' [-Wbuiltin-declaration-mismatch]
   87 | char snprintf ();
      |      ^~~~~~~~
conftest.c:75:1: note: 'snprintf' is declared in header '<stdio.h>'
   74 | # include <limits.h>
   75 | #else
configure:17088: $? = 0
configure:17088: result: yes
configure:17088: checking for memmove
configure:17088: gcc -o conftest -O3 -fomit-frame-pointer -mtune=native -malign-double -fstrict-aliasing -fno-schedule-insns   conftest.c -lm  >&5
conftest.c:88:6: warning: conflicting types for built-in function 'memmove'; expected 'void *(void *, const void *, long unsigned int)' [-Wbuiltin-declaration-mismatch]
   88 | char memmove ();
      |      ^~~~~~~
conftest.c:76:1: note: 'memmove' is declared in header '<string.h>'
   75 | # include <limits.h>
   76 | #else
configure:17088: $? = 0
configure:17088: result: yes
configure:17088: checking for strchr
configure:17088: gcc -o conftest -O3 -fomit-frame-pointer -mtune=native -malign-double -fstrict-aliasing -fno-schedule-insns   conftest.c -lm  >&5
conftest.c:89:6: warning: conflicting types for built-in function 'strchr'; expected 'char *(const char *, int)' [-Wbuiltin-declaration-mismatch]
   89 | char strchr ();
      |      ^~~~~~
conftest.c:77:1: note: 'strchr' is declared in header '<string.h>'
   76 | # include <limits.h>
   77 | #else
configure:17088: $? = 0
configure:17088: result: yes
configure:17088: checking for getpagesize
configure:17088: gcc -o conftest -O3 -fomit-frame-pointer -mtune=native -malign-double -fstrict-aliasing -fno-schedule-insns   conftest.c -lm  >&5
configure:17088: $? = 0
configure:17088: result: yes
configure:17097: checking whether sinl is declared
configure:17097: gcc -c -O3 -fomit-frame-pointer -mtune=native -malign-double -fstrict-aliasing -fno-schedule-insns  conftest.c >&5
configure:17097: $? = 0
configure:17097: result: yes
configure:17108: checking whether cosl is declared
configure:17108: gcc -c -O3 -fomit-frame-pointer -mtune=native -malign-double -fstrict-aliasing -fno-schedule-insns  conftest.c >&5
configure:17108: $? = 0
configure:17108: result: yes
configure:17119: checking whether sinq is declared
configure:17119: gcc -c -O3 -fomit-frame-pointer -mtune=native -malign-double -fstrict-aliasing -fno-schedule-insns  conftest.c >&5
conftest.c: In function 'main':
conftest.c:79:10: error: 'sinq' undeclared (first use in this function); did you mean 'sinl'?
   79 |   (void) sinq;
      |          ^~~~
      |          sinl
conftest.c:79:10: note: each undeclared identifier is reported only once for each function it appears in
configure:17119: $? = 1
configure: failed program was:
| /* confdefs.h */
| #define PACKAGE_NAME "fftw"
| #define PACKAGE_TARNAME "fftw"
| #define PACKAGE_VERSION "3.3.9"
| #define PACKAGE_STRING "fftw 3.3.9"
| #define PACKAGE_BUGREPORT "fftw@fftw.org"
| #define PACKAGE_URL ""
| #define PACKAGE "fftw"
| #define VERSION "3.3.9"
| #define FFTW_ENABLE_ALLOCA 1
| #define HAVE_SSE2 1
| #define HAVE_AVX 1
| #define STDC_HEADERS 1
| #define HAVE_SYS_TYPES_H 1
| #define HAVE_SYS_STAT_H 1
| #define HAVE_STDLIB_H 1
| #define HAVE_STRING_H 1
| #define HAVE_MEMORY_H 1
| #define HAVE_STRINGS_H 1
| #define HAVE_INTTYPES_H 1
| #define HAVE_STDINT_H 1
| #define HAVE_UNISTD_H 1
| #define HAVE_DLFCN_H 1
| #define LT_OBJDIR ".libs/"
| #define HAVE_MPI 1
| #define SIZEOF_MPI_FINT 4
| #define STDC_HEADERS 1
| #define HAVE_FCNTL_H 1
| #define HAVE_FENV_H 1
| #define HAVE_LIMITS_H 1
| #define HAVE_MALLOC_H 1
| #define HAVE_STDDEF_H 1
| #define HAVE_SYS_TIME_H 1
| #define TIME_WITH_SYS_TIME 1
| #define HAVE_LONG_DOUBLE 1
| #define SIZEOF_INT 4
| #define SIZEOF_UNSIGNED_INT 4
| #define SIZEOF_LONG 8
| #define SIZEOF_UNSIGNED_LONG 8
| #define SIZEOF_LONG_LONG 8
| #define SIZEOF_UNSIGNED_LONG_LONG 8
| #define SIZEOF_SIZE_T 8
| #define SIZEOF_PTRDIFF_T 8
| #define HAVE_PTRDIFF_T 1
| #define HAVE_UINTPTR_T 1
| #define SIZEOF_FLOAT 4
| #define SIZEOF_DOUBLE 8
| #define SIZEOF_FFTW_R2R_KIND 4
| #define HAVE_ALLOCA_H 1
| #define HAVE_ALLOCA 1
| #define HAVE_VPRINTF 1
| #define HAVE_LIBM 1
| #define HAVE_GETTIMEOFDAY 1
| #define HAVE_DRAND48 1
| #define HAVE_SQRT 1
| #define HAVE_MEMSET 1
| #define HAVE_POSIX_MEMALIGN 1
| #define HAVE_MEMALIGN 1
| #define HAVE_CLOCK_GETTIME 1
| #define HAVE_ABORT 1
| #define HAVE_SINL 1
| #define HAVE_COSL 1
| #define HAVE_SNPRINTF 1
| #define HAVE_MEMMOVE 1
| #define HAVE_STRCHR 1
| #define HAVE_GETPAGESIZE 1
| #define HAVE_DECL_SINL 1
| #define HAVE_DECL_COSL 1
| /* end confdefs.h.  */
| #include <math.h>
| 
| int
| main ()
| {
| #ifndef sinq
| #ifdef __cplusplus
|   (void) sinq;
| #else
|   (void) sinq;
| #endif
| #endif
| 
|   ;
|   return 0;
| }
configure:17119: result: no
configure:17130: checking whether cosq is declared
configure:17130: gcc -c -O3 -fomit-frame-pointer -mtune=native -malign-double -fstrict-aliasing -fno-schedule-insns  conftest.c >&5
conftest.c: In function 'main':
conftest.c:80:10: error: 'cosq' undeclared (first use in this function); did you mean 'cosl'?
   80 |   (void) cosq;
      |          ^~~~
      |          cosl
conftest.c:80:10: note: each undeclared identifier is reported only once for each function it appears in
configure:17130: $? = 1
configure: failed program was:
| /* confdefs.h */
| #define PACKAGE_NAME "fftw"
| #define PACKAGE_TARNAME "fftw"
| #define PACKAGE_VERSION "3.3.9"
| #define PACKAGE_STRING "fftw 3.3.9"
| #define PACKAGE_BUGREPORT "fftw@fftw.org"
| #define PACKAGE_URL ""
| #define PACKAGE "fftw"
| #define VERSION "3.3.9"
| #define FFTW_ENABLE_ALLOCA 1
| #define HAVE_SSE2 1
| #define HAVE_AVX 1
| #define STDC_HEADERS 1
| #define HAVE_SYS_TYPES_H 1
| #define HAVE_SYS_STAT_H 1
| #define HAVE_STDLIB_H 1
| #define HAVE_STRING_H 1
| #define HAVE_MEMORY_H 1
| #define HAVE_STRINGS_H 1
| #define HAVE_INTTYPES_H 1
| #define HAVE_STDINT_H 1
| #define HAVE_UNISTD_H 1
| #define HAVE_DLFCN_H 1
| #define LT_OBJDIR ".libs/"
| #define HAVE_MPI 1
| #define SIZEOF_MPI_FINT 4
| #define STDC_HEADERS 1
| #define HAVE_FCNTL_H 1
| #define HAVE_FENV_H 1
| #define HAVE_LIMITS_H 1
| #define HAVE_MALLOC_H 1
| #define HAVE_STDDEF_H 1
| #define HAVE_SYS_TIME_H 1
| #define TIME_WITH_SYS_TIME 1
| #define HAVE_LONG_DOUBLE 1
| #define SIZEOF_INT 4
| #define SIZEOF_UNSIGNED_INT 4
| #define SIZEOF_LONG 8
| #define SIZEOF_UNSIGNED_LONG 8
| #define SIZEOF_LONG_LONG 8
| #define SIZEOF_UNSIGNED_LONG_LONG 8
| #define SIZEOF_SIZE_T 8
| #define SIZEOF_PTRDIFF_T 8
| #define HAVE_PTRDIFF_T 1
| #define HAVE_UINTPTR_T 1
| #define SIZEOF_FLOAT 4
| #define SIZEOF_DOUBLE 8
| #define SIZEOF_FFTW_R2R_KIND 4
| #define HAVE_ALLOCA_H 1
| #define HAVE_ALLOCA 1
| #define HAVE_VPRINTF 1
| #define HAVE_LIBM 1
| #define HAVE_GETTIMEOFDAY 1
| #define HAVE_DRAND48 1
| #define HAVE_SQRT 1
| #define HAVE_MEMSET 1
| #define HAVE_POSIX_MEMALIGN 1
| #define HAVE_MEMALIGN 1
| #define HAVE_CLOCK_GETTIME 1
| #define HAVE_ABORT 1
| #define HAVE_SINL 1
| #define HAVE_COSL 1
| #define HAVE_SNPRINTF 1
| #define HAVE_MEMMOVE 1
| #define HAVE_STRCHR 1
| #define HAVE_GETPAGESIZE 1
| #define HAVE_DECL_SINL 1
| #define HAVE_DECL_COSL 1
| #define HAVE_DECL_SINQ 0
| /* end confdefs.h.  */
| #include <math.h>
| 
| int
| main ()
| {
| #ifndef cosq
| #ifdef __cplusplus
|   (void) cosq;
| #else
|   (void) cosq;
| #endif
| #endif
| 
|   ;
|   return 0;
| }
configure:17130: result: no
configure:17142: checking whether memalign is declared
configure:17142: gcc -c -O3 -fomit-frame-pointer -mtune=native -malign-double -fstrict-aliasing -fno-schedule-insns  conftest.c >&5
configure:17142: $? = 0
configure:17142: result: yes
configure:17157: checking whether drand48 is declared
configure:17157: gcc -c -O3 -fomit-frame-pointer -mtune=native -malign-double -fstrict-aliasing -fno-schedule-insns  conftest.c >&5
configure:17157: $? = 0
configure:17157: result: yes
configure:17167: checking whether srand48 is declared
configure:17167: gcc -c -O3 -fomit-frame-pointer -mtune=native -malign-double -fstrict-aliasing -fno-schedule-insns  conftest.c >&5
configure:17167: $? = 0
configure:17167: result: yes
configure:17177: checking whether posix_memalign is declared
configure:17177: gcc -c -O3 -fomit-frame-pointer -mtune=native -malign-double -fstrict-aliasing -fno-schedule-insns  conftest.c >&5
configure:17177: $? = 0
configure:17177: result: yes
configure:17188: checking for _rtc intrinsic
configure:17204: gcc -o conftest -O3 -fomit-frame-pointer -mtune=native -malign-double -fstrict-aliasing -fno-schedule-insns   conftest.c -lm  >&5
conftest.c: In function 'main':
conftest.c:82:1: error: implicit declaration of function '_rtc' [-Wimplicit-function-declaration]
   82 | _rtc()
      | ^~~~
configure:17204: $? = 1
configure: failed program was:
| /* confdefs.h */
| #define PACKAGE_NAME "fftw"
| #define PACKAGE_TARNAME "fftw"
| #define PACKAGE_VERSION "3.3.9"
| #define PACKAGE_STRING "fftw 3.3.9"
| #define PACKAGE_BUGREPORT "fftw@fftw.org"
| #define PACKAGE_URL ""
| #define PACKAGE "fftw"
| #define VERSION "3.3.9"
| #define FFTW_ENABLE_ALLOCA 1
| #define HAVE_SSE2 1
| #define HAVE_AVX 1
| #define STDC_HEADERS 1
| #define HAVE_SYS_TYPES_H 1
| #define HAVE_SYS_STAT_H 1
| #define HAVE_STDLIB_H 1
| #define HAVE_STRING_H 1
| #define HAVE_MEMORY_H 1
| #define HAVE_STRINGS_H 1
| #define HAVE_INTTYPES_H 1
| #define HAVE_STDINT_H 1
| #define HAVE_UNISTD_H 1
| #define HAVE_DLFCN_H 1
| #define LT_OBJDIR ".libs/"
| #define HAVE_MPI 1
| #define SIZEOF_MPI_FINT 4
| #define STDC_HEADERS 1
| #define HAVE_FCNTL_H 1
| #define HAVE_FENV_H 1
| #define HAVE_LIMITS_H 1
| #define HAVE_MALLOC_H 1
| #define HAVE_STDDEF_H 1
| #define HAVE_SYS_TIME_H 1
| #define TIME_WITH_SYS_TIME 1
| #define HAVE_LONG_DOUBLE 1
| #define SIZEOF_INT 4
| #define SIZEOF_UNSIGNED_INT 4
| #define SIZEOF_LONG 8
| #define SIZEOF_UNSIGNED_LONG 8
| #define SIZEOF_LONG_LONG 8
| #define SIZEOF_UNSIGNED_LONG_LONG 8
| #define SIZEOF_SIZE_T 8
| #define SIZEOF_PTRDIFF_T 8
| #define HAVE_PTRDIFF_T 1
| #define HAVE_UINTPTR_T 1
| #define SIZEOF_FLOAT 4
| #define SIZEOF_DOUBLE 8
| #define SIZEOF_FFTW_R2R_KIND 4
| #define HAVE_ALLOCA_H 1
| #define HAVE_ALLOCA 1
| #define HAVE_VPRINTF 1
| #define HAVE_LIBM 1
| #define HAVE_GETTIMEOFDAY 1
| #define HAVE_DRAND48 1
| #define HAVE_SQRT 1
| #define HAVE_MEMSET 1
| #define HAVE_POSIX_MEMALIGN 1
| #define HAVE_MEMALIGN 1
| #define HAVE_CLOCK_GETTIME 1
| #define HAVE_ABORT 1
| #define HAVE_SINL 1
| #define HAVE_COSL 1
| #define HAVE_SNPRINTF 1
| #define HAVE_MEMMOVE 1
| #define HAVE_STRCHR 1
| #define HAVE_GETPAGESIZE 1
| #define HAVE_DECL_SINL 1
| #define HAVE_DECL_COSL 1
| #define HAVE_DECL_SINQ 0
| #define HAVE_DECL_COSQ 0
| #define HAVE_DECL_MEMALIGN 1
| #define HAVE_DECL_DRAND48 1
| #define HAVE_DECL_SRAND48 1
| #define HAVE_DECL_POSIX_MEMALIGN 1
| /* end confdefs.h.  */
| #ifdef HAVE_INTRINSICS_H
| #include <intrinsics.h>
| #endif
| int
| main ()
| {
| _rtc()
|   ;
|   return 0;
| }
configure:17213: result: no
configure:17233: checking for isnan
configure:17247: gcc -o conftest -O3 -fomit-frame-pointer -mtune=native -malign-double -fstrict-aliasing -fno-schedule-insns   conftest.c -lm  >&5
configure:17247: $? = 0
configure:17259: result: yes
configure:17266: checking whether C compiler accepts -mpreferred-stack-boundary=4
configure:17285: gcc -c -mpreferred-stack-boundary=4  conftest.c >&5
configure:17285: $? = 0
configure:17295: result: yes
configure:17299: checking whether the stack is at least 8-byte aligned by gcc
configure:17303: checking whether C compiler accepts -malign-double
configure:17332: result: yes
configure:17394: gcc -o conftest -O -malign-double   conftest.c -lm  >&5
conftest.c: In function 'main':
conftest.c:86:70: warning: ignoring return value of '__builtin_alloca' declared with attribute 'warn_unused_result' [-Wunused-result]
   86 |         int main(void) { if ((((long) (__builtin_alloca(0))) & 0x7)) __builtin_alloca(4); return main2(); }
      |                                                                      ^~~~~~~~~~~~~~~~~~~
configure:17394: $? = 0
configure:17394: ./conftest
configure:17394: $? = 0
configure:17404: result: yes
configure:17557: checking for g77
configure:17587: result: no
configure:17557: checking for xlf
configure:17587: result: no
configure:17557: checking for f77
configure:17587: result: no
configure:17557: checking for frt
configure:17587: result: no
configure:17557: checking for pgf77
configure:17587: result: no
configure:17557: checking for cf77
configure:17587: result: no
configure:17557: checking for fort77
configure:17587: result: no
configure:17557: checking for fl32
configure:17587: result: no
configure:17557: checking for af77
configure:17587: result: no
configure:17557: checking for xlf90
configure:17587: result: no
configure:17557: checking for f90
configure:17587: result: no
configure:17557: checking for pgf90
configure:17587: result: no
configure:17557: checking for pghpf
configure:17587: result: no
configure:17557: checking for epcf90
configure:17587: result: no
configure:17557: checking for gfortran
configure:17587: result: no
configure:17557: checking for g95
configure:17587: result: no
configure:17557: checking for xlf95
configure:17587: result: no
configure:17557: checking for f95
configure:17587: result: no
configure:17557: checking for fort
configure:17587: result: no
configure:17557: checking for ifort
configure:17587: result: no
configure:17557: checking for ifc
configure:17587: result: no
configure:17557: checking for efc
configure:17587: result: no
configure:17557: checking for pgfortran
configure:17587: result: no
configure:17557: checking for pgf95
configure:17587: result: no
configure:17557: checking for lf95
configure:17587: result: no
configure:17557: checking for ftn
configure:17587: result: no
configure:17557: checking for nagfor
configure:17587: result: no
configure:17610: checking for Fortran 77 compiler version
configure:17619:  --version >&5
./configure: line 17621: --version: command not found
configure:17630: $? = 127
configure:17619:  -v >&5
./configure: line 17621: -v: command not found
configure:17630: $? = 127
configure:17619:  -V >&5
./configure: line 17621: -V: command not found
configure:17630: $? = 127
configure:17619:  -qversion >&5
./configure: line 17621: -qversion: command not found
configure:17630: $? = 127
configure:17639: checking whether we are using the GNU Fortran 77 compiler
configure:17652:  -c  conftest.F >&5
./configure: line 2408: -c: command not found
configure:17652: $? = 127
configure: failed program was:
|       program main
| #ifndef __GNUC__
|        choke me
| #endif
| 
|       end
configure:17661: result: no
configure:17667: checking whether  accepts -g
configure:17678:  -c -g conftest.f >&5
./configure: line 2408: -c: command not found
configure:17678: $? = 127
configure: failed program was:
|       program main
| 
|       end
configure:17686: result: no
configure:20675: WARNING: *** Couldn't find f77 compiler; using default Fortran wrappers.
configure:21554: checking for Win32 threads
configure:21575: gcc -o conftest -O3 -fomit-frame-pointer -mtune=native -malign-double -fstrict-aliasing -fno-schedule-insns   conftest.c -lm  >&5
conftest.c:78:10: fatal error: windows.h: No such file or directory
   78 | #include <windows.h>
      |          ^~~~~~~~~~~
compilation terminated.
configure:21575: $? = 1
configure: failed program was:
| /* confdefs.h */
| #define PACKAGE_NAME "fftw"
| #define PACKAGE_TARNAME "fftw"
| #define PACKAGE_VERSION "3.3.9"
| #define PACKAGE_STRING "fftw 3.3.9"
| #define PACKAGE_BUGREPORT "fftw@fftw.org"
| #define PACKAGE_URL ""
| #define PACKAGE "fftw"
| #define VERSION "3.3.9"
| #define FFTW_ENABLE_ALLOCA 1
| #define HAVE_SSE2 1
| #define HAVE_AVX 1
| #define STDC_HEADERS 1
| #define HAVE_SYS_TYPES_H 1
| #define HAVE_SYS_STAT_H 1
| #define HAVE_STDLIB_H 1
| #define HAVE_STRING_H 1
| #define HAVE_MEMORY_H 1
| #define HAVE_STRINGS_H 1
| #define HAVE_INTTYPES_H 1
| #define HAVE_STDINT_H 1
| #define HAVE_UNISTD_H 1
| #define HAVE_DLFCN_H 1
| #define LT_OBJDIR ".libs/"
| #define HAVE_MPI 1
| #define SIZEOF_MPI_FINT 4
| #define STDC_HEADERS 1
| #define HAVE_FCNTL_H 1
| #define HAVE_FENV_H 1
| #define HAVE_LIMITS_H 1
| #define HAVE_MALLOC_H 1
| #define HAVE_STDDEF_H 1
| #define HAVE_SYS_TIME_H 1
| #define TIME_WITH_SYS_TIME 1
| #define HAVE_LONG_DOUBLE 1
| #define SIZEOF_INT 4
| #define SIZEOF_UNSIGNED_INT 4
| #define SIZEOF_LONG 8
| #define SIZEOF_UNSIGNED_LONG 8
| #define SIZEOF_LONG_LONG 8
| #define SIZEOF_UNSIGNED_LONG_LONG 8
| #define SIZEOF_SIZE_T 8
| #define SIZEOF_PTRDIFF_T 8
| #define HAVE_PTRDIFF_T 1
| #define HAVE_UINTPTR_T 1
| #define SIZEOF_FLOAT 4
| #define SIZEOF_DOUBLE 8
| #define SIZEOF_FFTW_R2R_KIND 4
| #define HAVE_ALLOCA_H 1
| #define HAVE_ALLOCA 1
| #define HAVE_VPRINTF 1
| #define HAVE_LIBM 1
| #define HAVE_GETTIMEOFDAY 1
| #define HAVE_DRAND48 1
| #define HAVE_SQRT 1
| #define HAVE_MEMSET 1
| #define HAVE_POSIX_MEMALIGN 1
| #define HAVE_MEMALIGN 1
| #define HAVE_CLOCK_GETTIME 1
| #define HAVE_ABORT 1
| #define HAVE_SINL 1
| #define HAVE_COSL 1
| #define HAVE_SNPRINTF 1
| #define HAVE_MEMMOVE 1
| #define HAVE_STRCHR 1
| #define HAVE_GETPAGESIZE 1
| #define HAVE_DECL_SINL 1
| #define HAVE_DECL_COSL 1
| #define HAVE_DECL_SINQ 0
| #define HAVE_DECL_COSQ 0
| #define HAVE_DECL_MEMALIGN 1
| #define HAVE_DECL_DRAND48 1
| #define HAVE_DECL_SRAND48 1
| #define HAVE_DECL_POSIX_MEMALIGN 1
| #define HAVE_ISNAN 1
| #define HAVE_THREADS 1
| /* end confdefs.h.  */
| #include <windows.h>
| #ifdef F77_DUMMY_MAIN
| 
| #  ifdef __cplusplus
|      extern "C"
| #  endif
|    int F77_DUMMY_MAIN() { return 1; }
| 
| #endif
| int
| main ()
| {
| _beginthreadex(0,0,0,0,0,0);
|   ;
|   return 0;
| }
configure:21579: result: no
configure:21762: checking for the pthreads library -lpthreads
configure:21806: gcc -o conftest -O3 -fomit-frame-pointer -mtune=native -malign-double -fstrict-aliasing -fno-schedule-insns    conftest.c -lpthreads -lm  >&5
conftest.c: In function 'main':
conftest.c:91:22: warning: argument 1 null where non-null expected [-Wnonnull]
   91 |                      pthread_attr_init((pthread_attr_t*) 0);
      |                      ^~~~~~~~~~~~~~~~~
In file included from conftest.c:78:
/usr/include/pthread.h:285:12: note: in a call to function 'pthread_attr_init' declared 'nonnull'
  285 | extern int pthread_attr_init (pthread_attr_t *__attr) __THROW __nonnull ((1));
      |            ^~~~~~~~~~~~~~~~~
conftest.c:93:22: warning: argument 1 null where non-null expected [-Wnonnull]
   93 |                      pthread_create((pthread_t*) 0, (pthread_attr_t*) 0,
      |                      ^~~~~~~~~~~~~~
/usr/include/pthread.h:202:12: note: in a call to function 'pthread_create' declared 'nonnull'
  202 | extern int pthread_create (pthread_t *__restrict __newthread,
      |            ^~~~~~~~~~~~~~
conftest.c:93:22: warning: argument 3 null where non-null expected [-Wnonnull]
   93 |                      pthread_create((pthread_t*) 0, (pthread_attr_t*) 0,
      |                      ^~~~~~~~~~~~~~
/usr/include/pthread.h:202:12: note: in a call to function 'pthread_create' declared 'nonnull'
  202 | extern int pthread_create (pthread_t *__restrict __newthread,
      |            ^~~~~~~~~~~~~~
/usr/bin/ld: cannot find -lpthreads: No such file or directory
collect2: error: ld returned 1 exit status
configure:21806: $? = 1
configure: failed program was:
| /* confdefs.h */
| #define PACKAGE_NAME "fftw"
| #define PACKAGE_TARNAME "fftw"
| #define PACKAGE_VERSION "3.3.9"
| #define PACKAGE_STRING "fftw 3.3.9"
| #define PACKAGE_BUGREPORT "fftw@fftw.org"
| #define PACKAGE_URL ""
| #define PACKAGE "fftw"
| #define VERSION "3.3.9"
| #define FFTW_ENABLE_ALLOCA 1
| #define HAVE_SSE2 1
| #define HAVE_AVX 1
| #define STDC_HEADERS 1
| #define HAVE_SYS_TYPES_H 1
| #define HAVE_SYS_STAT_H 1
| #define HAVE_STDLIB_H 1
| #define HAVE_STRING_H 1
| #define HAVE_MEMORY_H 1
| #define HAVE_STRINGS_H 1
| #define HAVE_INTTYPES_H 1
| #define HAVE_STDINT_H 1
| #define HAVE_UNISTD_H 1
| #define HAVE_DLFCN_H 1
| #define LT_OBJDIR ".libs/"
| #define HAVE_MPI 1
| #define SIZEOF_MPI_FINT 4
| #define STDC_HEADERS 1
| #define HAVE_FCNTL_H 1
| #define HAVE_FENV_H 1
| #define HAVE_LIMITS_H 1
| #define HAVE_MALLOC_H 1
| #define HAVE_STDDEF_H 1
| #define HAVE_SYS_TIME_H 1
| #define TIME_WITH_SYS_TIME 1
| #define HAVE_LONG_DOUBLE 1
| #define SIZEOF_INT 4
| #define SIZEOF_UNSIGNED_INT 4
| #define SIZEOF_LONG 8
| #define SIZEOF_UNSIGNED_LONG 8
| #define SIZEOF_LONG_LONG 8
| #define SIZEOF_UNSIGNED_LONG_LONG 8
| #define SIZEOF_SIZE_T 8
| #define SIZEOF_PTRDIFF_T 8
| #define HAVE_PTRDIFF_T 1
| #define HAVE_UINTPTR_T 1
| #define SIZEOF_FLOAT 4
| #define SIZEOF_DOUBLE 8
| #define SIZEOF_FFTW_R2R_KIND 4
| #define HAVE_ALLOCA_H 1
| #define HAVE_ALLOCA 1
| #define HAVE_VPRINTF 1
| #define HAVE_LIBM 1
| #define HAVE_GETTIMEOFDAY 1
| #define HAVE_DRAND48 1
| #define HAVE_SQRT 1
| #define HAVE_MEMSET 1
| #define HAVE_POSIX_MEMALIGN 1
| #define HAVE_MEMALIGN 1
| #define HAVE_CLOCK_GETTIME 1
| #define HAVE_ABORT 1
| #define HAVE_SINL 1
| #define HAVE_COSL 1
| #define HAVE_SNPRINTF 1
| #define HAVE_MEMMOVE 1
| #define HAVE_STRCHR 1
| #define HAVE_GETPAGESIZE 1
| #define HAVE_DECL_SINL 1
| #define HAVE_DECL_COSL 1
| #define HAVE_DECL_SINQ 0
| #define HAVE_DECL_COSQ 0
| #define HAVE_DECL_MEMALIGN 1
| #define HAVE_DECL_DRAND48 1
| #define HAVE_DECL_SRAND48 1
| #define HAVE_DECL_POSIX_MEMALIGN 1
| #define HAVE_ISNAN 1
| #define HAVE_THREADS 1
| /* end confdefs.h.  */
| #include <pthread.h>
| #ifdef F77_DUMMY_MAIN
| 
| #  ifdef __cplusplus
|      extern "C"
| #  endif
|    int F77_DUMMY_MAIN() { return 1; }
| 
| #endif
| int
| main ()
| {
| pthread_t th; pthread_join(th, (void**) 0);
|                      pthread_attr_init((pthread_attr_t*) 0);
|                      pthread_cleanup_push((void(*)(void *)) 0, (void*) 0);
|                      pthread_create((pthread_t*) 0, (pthread_attr_t*) 0,
|                                     (void*(*)(void *)) 0, (void*) 0);
|                      pthread_cleanup_pop(0);
|   ;
|   return 0;
| }
configure:21815: result: no
configure:21707: checking whether pthreads work without any flags
configure:21806: gcc -o conftest -O3 -fomit-frame-pointer -mtune=native -malign-double -fstrict-aliasing -fno-schedule-insns    conftest.c  -lm  >&5
conftest.c: In function 'main':
conftest.c:91:22: warning: argument 1 null where non-null expected [-Wnonnull]
   91 |                      pthread_attr_init((pthread_attr_t*) 0);
      |                      ^~~~~~~~~~~~~~~~~
In file included from conftest.c:78:
/usr/include/pthread.h:285:12: note: in a call to function 'pthread_attr_init' declared 'nonnull'
  285 | extern int pthread_attr_init (pthread_attr_t *__attr) __THROW __nonnull ((1));
      |            ^~~~~~~~~~~~~~~~~
conftest.c:93:22: warning: argument 1 null where non-null expected [-Wnonnull]
   93 |                      pthread_create((pthread_t*) 0, (pthread_attr_t*) 0,
      |                      ^~~~~~~~~~~~~~
/usr/include/pthread.h:202:12: note: in a call to function 'pthread_create' declared 'nonnull'
  202 | extern int pthread_create (pthread_t *__restrict __newthread,
      |            ^~~~~~~~~~~~~~
conftest.c:93:22: warning: argument 3 null where non-null expected [-Wnonnull]
   93 |                      pthread_create((pthread_t*) 0, (pthread_attr_t*) 0,
      |                      ^~~~~~~~~~~~~~
/usr/include/pthread.h:202:12: note: in a call to function 'pthread_create' declared 'nonnull'
  202 | extern int pthread_create (pthread_t *__restrict __newthread,
      |            ^~~~~~~~~~~~~~
configure:21806: $? = 0
configure:21815: result: yes
configure:21834: checking for joinable pthread attribute
configure:21857: gcc -o conftest -O3 -fomit-frame-pointer -mtune=native -malign-double -fstrict-aliasing -fno-schedule-insns    conftest.c  -lm  >&5
configure:21857: $? = 0
configure:21863: result: PTHREAD_CREATE_JOINABLE
configure:21873: checking if more special flags are required for pthreads
configure:21880: result: no
configure:22008: checking whether a cycle counter is available
configure:22019: gcc -E  -I./kernel conftest.c
configure:22019: $? = 0
configure:22026: result: yes
configure:22145: checking that generated files are newer than configure
configure:22151: result: done
configure:22258: creating ./config.status

## ---------------------- ##
## Running config.status. ##
## ---------------------- ##

This file was extended by fftw config.status 3.3.9, which was
generated by GNU Autoconf 2.69.  Invocation command line was

  CONFIG_FILES    = 
  CONFIG_HEADERS  = 
  CONFIG_LINKS    = 
  CONFIG_COMMANDS = 
  $ ./config.status 

on fzulenovo

config.status:1318: creating Makefile
config.status:1318: creating support/Makefile
config.status:1318: creating genfft/Makefile
config.status:1318: creating kernel/Makefile
config.status:1318: creating simd-support/Makefile
config.status:1318: creating dft/Makefile
config.status:1318: creating dft/scalar/Makefile
config.status:1318: creating dft/scalar/codelets/Makefile
config.status:1318: creating dft/simd/Makefile
config.status:1318: creating dft/simd/common/Makefile
config.status:1318: creating dft/simd/sse2/Makefile
config.status:1318: creating dft/simd/avx/Makefile
config.status:1318: creating dft/simd/avx-128-fma/Makefile
config.status:1318: creating dft/simd/avx2/Makefile
config.status:1318: creating dft/simd/avx2-128/Makefile
config.status:1318: creating dft/simd/avx512/Makefile
config.status:1318: creating dft/simd/kcvi/Makefile
config.status:1318: creating dft/simd/altivec/Makefile
config.status:1318: creating dft/simd/vsx/Makefile
config.status:1318: creating dft/simd/neon/Makefile
config.status:1318: creating dft/simd/generic-simd128/Makefile
config.status:1318: creating dft/simd/generic-simd256/Makefile
config.status:1318: creating rdft/Makefile
config.status:1318: creating rdft/scalar/Makefile
config.status:1318: creating rdft/scalar/r2cf/Makefile
config.status:1318: creating rdft/scalar/r2cb/Makefile
config.status:1318: creating rdft/scalar/r2r/Makefile
config.status:1318: creating rdft/simd/Makefile
config.status:1318: creating rdft/simd/common/Makefile
config.status:1318: creating rdft/simd/sse2/Makefile
config.status:1318: creating rdft/simd/avx/Makefile
config.status:1318: creating rdft/simd/avx-128-fma/Makefile
config.status:1318: creating rdft/simd/avx2/Makefile
config.status:1318: creating rdft/simd/avx2-128/Makefile
config.status:1318: creating rdft/simd/avx512/Makefile
config.status:1318: creating rdft/simd/kcvi/Makefile
config.status:1318: creating rdft/simd/altivec/Makefile
config.status:1318: creating rdft/simd/vsx/Makefile
config.status:1318: creating rdft/simd/neon/Makefile
config.status:1318: creating rdft/simd/generic-simd128/Makefile
config.status:1318: creating rdft/simd/generic-simd256/Makefile
config.status:1318: creating reodft/Makefile
config.status:1318: creating threads/Makefile
config.status:1318: creating api/Makefile
config.status:1318: creating mpi/Makefile
config.status:1318: creating libbench2/Makefile
config.status:1318: creating tests/Makefile
config.status:1318: creating doc/Makefile
config.status:1318: creating doc/FAQ/Makefile
config.status:1318: creating tools/Makefile
config.status:1318: creating tools/fftw_wisdom.1
config.status:1318: creating tools/fftw-wisdom-to-conf
config.status:1318: creating m4/Makefile
config.status:1318: creating fftw.pc
config.status:1318: creating config.h
config.status:1547: executing depfiles commands
config.status:1624: cd kernel       && sed -e '/# am--include-marker/d' Makefile         | make -f - am--depfiles
config.status:1629: $? = 0
config.status:1624: cd simd-support       && sed -e '/# am--include-marker/d' Makefile         | make -f - am--depfiles
config.status:1629: $? = 0
config.status:1624: cd dft       && sed -e '/# am--include-marker/d' Makefile         | make -f - am--depfiles
config.status:1629: $? = 0
config.status:1624: cd dft/scalar       && sed -e '/# am--include-marker/d' Makefile         | make -f - am--depfiles
config.status:1629: $? = 0
config.status:1624: cd dft/scalar/codelets       && sed -e '/# am--include-marker/d' Makefile         | make -f - am--depfiles
config.status:1629: $? = 0
config.status:1624: cd dft/simd/sse2       && sed -e '/# am--include-marker/d' Makefile         | make -f - am--depfiles
config.status:1629: $? = 0
config.status:1624: cd dft/simd/avx       && sed -e '/# am--include-marker/d' Makefile         | make -f - am--depfiles
config.status:1629: $? = 0
config.status:1624: cd dft/simd/avx-128-fma       && sed -e '/# am--include-marker/d' Makefile         | make -f - am--depfiles
config.status:1629: $? = 0
config.status:1624: cd dft/simd/avx2       && sed -e '/# am--include-marker/d' Makefile         | make -f - am--depfiles
config.status:1629: $? = 0
config.status:1624: cd dft/simd/avx2-128       && sed -e '/# am--include-marker/d' Makefile         | make -f - am--depfiles
config.status:1629: $? = 0
config.status:1624: cd dft/simd/avx512       && sed -e '/# am--include-marker/d' Makefile         | make -f - am--depfiles
config.status:1629: $? = 0
config.status:1624: cd dft/simd/kcvi       && sed -e '/# am--include-marker/d' Makefile         | make -f - am--depfiles
config.status:1629: $? = 0
config.status:1624: cd dft/simd/altivec       && sed -e '/# am--include-marker/d' Makefile         | make -f - am--depfiles
config.status:1629: $? = 0
config.status:1624: cd dft/simd/vsx       && sed -e '/# am--include-marker/d' Makefile         | make -f - am--depfiles
config.status:1629: $? = 0
config.status:1624: cd dft/simd/neon       && sed -e '/# am--include-marker/d' Makefile         | make -f - am--depfiles
config.status:1629: $? = 0
config.status:1624: cd dft/simd/generic-simd128       && sed -e '/# am--include-marker/d' Makefile         | make -f - am--depfiles
config.status:1629: $? = 0
config.status:1624: cd dft/simd/generic-simd256       && sed -e '/# am--include-marker/d' Makefile         | make -f - am--depfiles
config.status:1629: $? = 0
config.status:1624: cd rdft       && sed -e '/# am--include-marker/d' Makefile         | make -f - am--depfiles
config.status:1629: $? = 0
config.status:1624: cd rdft/scalar       && sed -e '/# am--include-marker/d' Makefile         | make -f - am--depfiles
config.status:1629: $? = 0
config.status:1624: cd rdft/scalar/r2cf       && sed -e '/# am--include-marker/d' Makefile         | make -f - am--depfiles
config.status:1629: $? = 0
config.status:1624: cd rdft/scalar/r2cb       && sed -e '/# am--include-marker/d' Makefile         | make -f - am--depfiles
config.status:1629: $? = 0
config.status:1624: cd rdft/scalar/r2r       && sed -e '/# am--include-marker/d' Makefile         | make -f - am--depfiles
config.status:1629: $? = 0
config.status:1624: cd rdft/simd/sse2       && sed -e '/# am--include-marker/d' Makefile         | make -f - am--depfiles
config.status:1629: $? = 0
config.status:1624: cd rdft/simd/avx       && sed -e '/# am--include-marker/d' Makefile         | make -f - am--depfiles
config.status:1629: $? = 0
config.status:1624: cd rdft/simd/avx-128-fma       && sed -e '/# am--include-marker/d' Makefile         | make -f - am--depfiles
config.status:1629: $? = 0
config.status:1624: cd rdft/simd/avx2       && sed -e '/# am--include-marker/d' Makefile         | make -f - am--depfiles
config.status:1629: $? = 0
config.status:1624: cd rdft/simd/avx2-128       && sed -e '/# am--include-marker/d' Makefile         | make -f - am--depfiles
config.status:1629: $? = 0
config.status:1624: cd rdft/simd/avx512       && sed -e '/# am--include-marker/d' Makefile         | make -f - am--depfiles
config.status:1629: $? = 0
config.status:1624: cd rdft/simd/kcvi       && sed -e '/# am--include-marker/d' Makefile         | make -f - am--depfiles
config.status:1629: $? = 0
config.status:1624: cd rdft/simd/altivec       && sed -e '/# am--include-marker/d' Makefile         | make -f - am--depfiles
config.status:1629: $? = 0
config.status:1624: cd rdft/simd/vsx       && sed -e '/# am--include-marker/d' Makefile         | make -f - am--depfiles
config.status:1629: $? = 0
config.status:1624: cd rdft/simd/neon       && sed -e '/# am--include-marker/d' Makefile         | make -f - am--depfiles
config.status:1629: $? = 0
config.status:1624: cd rdft/simd/generic-simd128       && sed -e '/# am--include-marker/d' Makefile         | make -f - am--depfiles
config.status:1629: $? = 0
config.status:1624: cd rdft/simd/generic-simd256       && sed -e '/# am--include-marker/d' Makefile         | make -f - am--depfiles
config.status:1629: $? = 0
config.status:1624: cd reodft       && sed -e '/# am--include-marker/d' Makefile         | make -f - am--depfiles
config.status:1629: $? = 0
config.status:1624: cd threads       && sed -e '/# am--include-marker/d' Makefile         | make -f - am--depfiles
config.status:1629: $? = 0
config.status:1624: cd api       && sed -e '/# am--include-marker/d' Makefile         | make -f - am--depfiles
config.status:1629: $? = 0
config.status:1624: cd mpi       && sed -e '/# am--include-marker/d' Makefile         | make -f - am--depfiles
config.status:1629: $? = 0
config.status:1624: cd libbench2       && sed -e '/# am--include-marker/d' Makefile         | make -f - am--depfiles
config.status:1629: $? = 0
config.status:1624: cd tests       && sed -e '/# am--include-marker/d' Makefile         | make -f - am--depfiles
config.status:1629: $? = 0
config.status:1624: cd tools       && sed -e '/# am--include-marker/d' Makefile         | make -f - am--depfiles
config.status:1629: $? = 0
config.status:1547: executing libtool commands

## ---------------- ##
## Cache variables. ##
## ---------------- ##

ac_cv_build=x86_64-pc-linux-gnu
ac_cv_c_compiler_gnu=yes
ac_cv_c_const=yes
ac_cv_c_inline=inline
ac_cv_c_uint32_t=yes
ac_cv_c_uint64_t=yes
ac_cv_env_CC_set=
ac_cv_env_CC_value=
ac_cv_env_CFLAGS_set=
ac_cv_env_CFLAGS_value=
ac_cv_env_CPPFLAGS_set=
ac_cv_env_CPPFLAGS_value=
ac_cv_env_CPP_set=
ac_cv_env_CPP_value=
ac_cv_env_F77_set=
ac_cv_env_F77_value=
ac_cv_env_FFLAGS_set=
ac_cv_env_FFLAGS_value=
ac_cv_env_LDFLAGS_set=
ac_cv_env_LDFLAGS_value=
ac_cv_env_LIBS_set=
ac_cv_env_LIBS_value=
ac_cv_env_LT_SYS_LIBRARY_PATH_set=
ac_cv_env_LT_SYS_LIBRARY_PATH_value=
ac_cv_env_MPICC_set=
ac_cv_env_MPICC_value=
ac_cv_env_build_alias_set=
ac_cv_env_build_alias_value=
ac_cv_env_host_alias_set=
ac_cv_env_host_alias_value=
ac_cv_env_target_alias_set=
ac_cv_env_target_alias_value=
ac_cv_f77_compiler_gnu=no
ac_cv_func_BSDgettimeofday=no
ac_cv_func_MPI_Init=yes
ac_cv_func__doprnt=no
ac_cv_func__mm_free=no
ac_cv_func__mm_malloc=no
ac_cv_func_abort=yes
ac_cv_func_alloca_works=yes
ac_cv_func_clock_gettime=yes
ac_cv_func_cosl=yes
ac_cv_func_drand48=yes
ac_cv_func_gethrtime=no
ac_cv_func_getpagesize=yes
ac_cv_func_gettimeofday=yes
ac_cv_func_mach_absolute_time=no
ac_cv_func_memalign=yes
ac_cv_func_memmove=yes
ac_cv_func_memset=yes
ac_cv_func_posix_memalign=yes
ac_cv_func_pow=no
ac_cv_func_read_real_time=no
ac_cv_func_sinl=yes
ac_cv_func_snprintf=yes
ac_cv_func_sqrt=yes
ac_cv_func_strchr=yes
ac_cv_func_strtod=no
ac_cv_func_sysctl=no
ac_cv_func_time_base_to_time=no
ac_cv_func_vprintf=yes
ac_cv_have_decl_cosl=yes
ac_cv_have_decl_cosq=no
ac_cv_have_decl_drand48=yes
ac_cv_have_decl_memalign=yes
ac_cv_have_decl_posix_memalign=yes
ac_cv_have_decl_sinl=yes
ac_cv_have_decl_sinq=no
ac_cv_have_decl_srand48=yes
ac_cv_header_altivec_h=no
ac_cv_header_dlfcn_h=yes
ac_cv_header_fcntl_h=yes
ac_cv_header_fenv_h=yes
ac_cv_header_inttypes_h=yes
ac_cv_header_limits_h=yes
ac_cv_header_malloc_h=yes
ac_cv_header_memory_h=yes
ac_cv_header_stdc=yes
ac_cv_header_stddef_h=yes
ac_cv_header_stdint_h=yes
ac_cv_header_stdlib_h=yes
ac_cv_header_string_h=yes
ac_cv_header_strings_h=yes
ac_cv_header_sys_stat_h=yes
ac_cv_header_sys_time_h=yes
ac_cv_header_sys_types_h=yes
ac_cv_header_time=yes
ac_cv_header_unistd_h=yes
ac_cv_host=x86_64-pc-linux-gnu
ac_cv_lib_m_pow=yes
ac_cv_lib_m_sin=yes
ac_cv_objext=o
ac_cv_path_EGREP='/usr/bin/grep -E'
ac_cv_path_FGREP='/usr/bin/grep -F'
ac_cv_path_GREP=/usr/bin/grep
ac_cv_path_SED=/usr/bin/sed
ac_cv_path_install='/usr/bin/install -c'
ac_cv_path_lt_DD=/usr/bin/dd
ac_cv_prog_AWK=gawk
ac_cv_prog_CPP='gcc -E'
ac_cv_prog_MPICC=mpicc
ac_cv_prog_MPIRUN=mpirun
ac_cv_prog_ac_ct_AR=ar
ac_cv_prog_ac_ct_CC=gcc
ac_cv_prog_ac_ct_DLLTOOL=dlltool
ac_cv_prog_ac_ct_MANIFEST_TOOL=mt
ac_cv_prog_ac_ct_OBJDUMP=objdump
ac_cv_prog_ac_ct_RANLIB=ranlib
ac_cv_prog_ac_ct_STRIP=strip
ac_cv_prog_cc_c89=
ac_cv_prog_cc_c99=
ac_cv_prog_cc_g=yes
ac_cv_prog_cc_stdc=
ac_cv_prog_f77_g=no
ac_cv_prog_make_make_set=yes
ac_cv_sizeof_MPI_Fint=4
ac_cv_sizeof_double=8
ac_cv_sizeof_fftw_r2r_kind=4
ac_cv_sizeof_float=4
ac_cv_sizeof_int=4
ac_cv_sizeof_long=8
ac_cv_sizeof_long_long=8
ac_cv_sizeof_ptrdiff_t=8
ac_cv_sizeof_size_t=8
ac_cv_sizeof_unsigned_int=4
ac_cv_sizeof_unsigned_long=8
ac_cv_sizeof_unsigned_long_long=8
ac_cv_type_hrtime_t=no
ac_cv_type_long_double=yes
ac_cv_type_ptrdiff_t=yes
ac_cv_type_size_t=yes
ac_cv_type_uintptr_t=yes
ac_cv_working_alloca_h=yes
am_cv_CC_dependencies_compiler_type=gcc3
am_cv_make_support_nested_variables=yes
am_cv_prog_cc_c_o=yes
ax_cv_c_compiler_vendor=gnu
ax_cv_c_flags__O3__fomit_frame_pointer__mtune_native__malign_double__fstrict_aliasing__fno_schedule_insns=yes
ax_cv_c_flags__fno_schedule_insns=yes
ax_cv_c_flags__fstrict_aliasing=yes
ax_cv_c_flags__malign_double=yes
ax_cv_c_flags__mavx=yes
ax_cv_c_flags__mpreferred_stack_boundary_4=yes
ax_cv_c_flags__msse2=yes
ax_cv_c_flags__mtune_native=yes
lt_cv_ar_at_file=@
lt_cv_deplibs_check_method=pass_all
lt_cv_file_magic_cmd='$MAGIC_CMD'
lt_cv_file_magic_test_file=
lt_cv_ld_reload_flag=-r
lt_cv_nm_interface='BSD nm'
lt_cv_objdir=.libs
lt_cv_path_LD=/usr/bin/x86_64-linux-gnu-ld
lt_cv_path_NM='/usr/bin/nm -B'
lt_cv_path_mainfest_tool=no
lt_cv_prog_compiler_c_o=yes
lt_cv_prog_compiler_pic='-fPIC -DPIC'
lt_cv_prog_compiler_pic_works=yes
lt_cv_prog_compiler_rtti_exceptions=no
lt_cv_prog_compiler_static_works=yes
lt_cv_prog_gnu_ld=yes
lt_cv_sharedlib_from_linklib_cmd='printf %s\n'
lt_cv_shlibpath_overrides_runpath=yes
lt_cv_sys_global_symbol_pipe='sed -n -e '\''s/^.*[	 ]\([ABCDGIRSTW][ABCDGIRSTW]*\)[	 ][	 ]*\([_A-Za-z][_A-Za-z0-9]*\)$/\1 \2 \2/p'\'' | sed '\''/ __gnu_lto/d'\'''
lt_cv_sys_global_symbol_to_c_name_address='sed -n -e '\''s/^: \(.*\) .*$/  {"\1", (void *) 0},/p'\'' -e '\''s/^[ABCDGIRSTW][ABCDGIRSTW]* .* \(.*\)$/  {"\1", (void *) \&\1},/p'\'''
lt_cv_sys_global_symbol_to_c_name_address_lib_prefix='sed -n -e '\''s/^: \(.*\) .*$/  {"\1", (void *) 0},/p'\'' -e '\''s/^[ABCDGIRSTW][ABCDGIRSTW]* .* \(lib.*\)$/  {"\1", (void *) \&\1},/p'\'' -e '\''s/^[ABCDGIRSTW][ABCDGIRSTW]* .* \(.*\)$/  {"lib\1", (void *) \&\1},/p'\'''
lt_cv_sys_global_symbol_to_cdecl='sed -n -e '\''s/^T .* \(.*\)$/extern int \1();/p'\'' -e '\''s/^[ABCDGIRSTW][ABCDGIRSTW]* .* \(.*\)$/extern char \1;/p'\'''
lt_cv_sys_global_symbol_to_import=
lt_cv_sys_max_cmd_len=1572864
lt_cv_to_host_file_cmd=func_convert_file_noop
lt_cv_to_tool_file_cmd=func_convert_file_noop
lt_cv_truncate_bin='/usr/bin/dd bs=4096 count=1'

## ----------------- ##
## Output variables. ##
## ----------------- ##

ACLOCAL='${SHELL} /home/loayza/Documents/Research/cosmolattice/dependencies/MyLibs/fftw-3.3.9/missing aclocal-1.16'
ALLOCA=''
ALTIVEC_CFLAGS=''
AMDEPBACKSLASH='\'
AMDEP_FALSE='#'
AMDEP_TRUE=''
AMTAR='$${TAR-tar}'
AM_BACKSLASH='\'
AM_DEFAULT_V='$(AM_DEFAULT_VERBOSITY)'
AM_DEFAULT_VERBOSITY='1'
AM_V='$(V)'
AR='ar'
AS='as'
AUTOCONF='${SHELL} /home/loayza/Documents/Research/cosmolattice/dependencies/MyLibs/fftw-3.3.9/missing autoconf'
AUTOHEADER='${SHELL} /home/loayza/Documents/Research/cosmolattice/dependencies/MyLibs/fftw-3.3.9/missing autoheader'
AUTOMAKE='${SHELL} /home/loayza/Documents/Research/cosmolattice/dependencies/MyLibs/fftw-3.3.9/missing automake-1.16'
AVX2_CFLAGS=''
AVX512_CFLAGS=''
AVX_128_FMA_CFLAGS=''
AVX_CFLAGS='-mavx'
AWK='gawk'
BUILD_DOC_FALSE='#'
BUILD_DOC_TRUE=''
CC='gcc'
CCDEPMODE='depmode=gcc3'
CFLAGS='-O3 -fomit-frame-pointer -mtune=native -malign-double -fstrict-aliasing -fno-schedule-insns'
CHECK_PL_OPTS=''
COMBINED_THREADS_FALSE=''
COMBINED_THREADS_TRUE='#'
CPP='gcc -E'
CPPFLAGS=''
CYGPATH_W='echo'
C_FFTW_R2R_KIND='C_INT32_T'
C_MPI_FINT='C_INT32_T'
DEFS='-DHAVE_CONFIG_H'
DEPDIR='.deps'
DLLTOOL='dlltool'
DSYMUTIL=''
DUMPBIN=''
ECHO_C=''
ECHO_N='-n'
ECHO_T=''
EGREP='/usr/bin/grep -E'
EXEEXT=''
F77=''
FFLAGS=''
FGREP='/usr/bin/grep -F'
FLIBS=''
GREP='/usr/bin/grep'
HAVE_ALTIVEC_FALSE=''
HAVE_ALTIVEC_TRUE='#'
HAVE_AVX2_FALSE=''
HAVE_AVX2_TRUE='#'
HAVE_AVX512_FALSE=''
HAVE_AVX512_TRUE='#'
HAVE_AVX_128_FMA_FALSE=''
HAVE_AVX_128_FMA_TRUE='#'
HAVE_AVX_FALSE='#'
HAVE_AVX_TRUE=''
HAVE_GENERIC_SIMD128_FALSE=''
HAVE_GENERIC_SIMD128_TRUE='#'
HAVE_GENERIC_SIMD256_FALSE=''
HAVE_GENERIC_SIMD256_TRUE='#'
HAVE_KCVI_FALSE=''
HAVE_KCVI_TRUE='#'
HAVE_NEON_FALSE=''
HAVE_NEON_TRUE='#'
HAVE_SSE2_FALSE='#'
HAVE_SSE2_TRUE=''
HAVE_VSX_FALSE=''
HAVE_VSX_TRUE='#'
INDENT=''
INSTALL_DATA='${INSTALL} -m 644'
INSTALL_PROGRAM='${INSTALL}'
INSTALL_SCRIPT='${INSTALL}'
INSTALL_STRIP_PROGRAM='$(install_sh) -c -s'
KCVI_CFLAGS=''
LD='/usr/bin/x86_64-linux-gnu-ld -m elf_x86_64'
LDFLAGS=''
LDOUBLE_FALSE=''
LDOUBLE_TRUE='#'
LIBOBJS=' ${LIBOBJDIR}strtod$U.o'
LIBQUADMATH=''
LIBS='-lm '
LIBTOOL='$(SHELL) $(top_builddir)/libtool'
LIPO=''
LN_S='ln -s'
LTLIBOBJS=' ${LIBOBJDIR}strtod$U.lo'
LT_SYS_LIBRARY_PATH=''
MAINT='#'
MAINTAINER_MODE_FALSE=''
MAINTAINER_MODE_TRUE='#'
MAKEINFO='${SHELL} /home/loayza/Documents/Research/cosmolattice/dependencies/MyLibs/fftw-3.3.9/missing makeinfo'
MANIFEST_TOOL=':'
MKDIR_P='./install-sh -c -d'
MPICC='mpicc'
MPILIBS=' '
MPIRUN='mpirun'
MPI_FALSE='#'
MPI_TRUE=''
NEON_CFLAGS=''
NM='/usr/bin/nm -B'
NMEDIT=''
OBJDUMP='objdump'
OBJEXT='o'
OCAMLBUILD=''
OPENMP_CFLAGS=''
OPENMP_FALSE=''
OPENMP_TRUE='#'
OTOOL64=''
OTOOL=''
PACKAGE='fftw'
PACKAGE_BUGREPORT='fftw@fftw.org'
PACKAGE_NAME='fftw'
PACKAGE_STRING='fftw 3.3.9'
PACKAGE_TARNAME='fftw'
PACKAGE_URL=''
PACKAGE_VERSION='3.3.9'
PATH_SEPARATOR=':'
POW_LIB='-lm'
PRECISION='d'
PREC_SUFFIX=''
PTHREAD_CC='gcc'
PTHREAD_CFLAGS=''
PTHREAD_LIBS=''
QUAD_FALSE=''
QUAD_TRUE='#'
RANLIB='ranlib'
SED='/usr/bin/sed'
SET_MAKE=''
SHARED_VERSION_INFO='9:9:6'
SHELL='/bin/bash'
SINGLE_FALSE=''
SINGLE_TRUE='#'
SMP_FALSE='#'
SMP_TRUE=''
SSE2_CFLAGS='-msse2'
STACK_ALIGN_CFLAGS=''
STRIP='strip'
THREADLIBS=' '
THREADS_FALSE='#'
THREADS_TRUE=''
VERSION='3.3.9'
VSX_CFLAGS=''
ac_ct_AR='ar'
ac_ct_CC='gcc'
ac_ct_DUMPBIN=''
ac_ct_F77=''
acx_pthread_config=''
am__EXEEXT_FALSE=''
am__EXEEXT_TRUE='#'
am__fastdepCC_FALSE='#'
am__fastdepCC_TRUE=''
am__include='include'
am__isrc=''
am__leading_dot='.'
am__nodep='_no'
am__quote=''
am__tar='$${TAR-tar} chof - "$$tardir"'
am__untar='$${TAR-tar} xf -'
bindir='${exec_prefix}/bin'
build='x86_64-pc-linux-gnu'
build_alias=''
build_cpu='x86_64'
build_os='linux-gnu'
build_vendor='pc'
datadir='${datarootdir}'
datarootdir='${prefix}/share'
docdir='${datarootdir}/doc/${PACKAGE_TARNAME}'
dvidir='${docdir}'
exec_prefix='${prefix}'
host='x86_64-pc-linux-gnu'
host_alias=''
host_cpu='x86_64'
host_os='linux-gnu'
host_vendor='pc'
htmldir='${docdir}'
includedir='${prefix}/include'
infodir='${datarootdir}/info'
install_sh='${SHELL} /home/loayza/Documents/Research/cosmolattice/dependencies/MyLibs/fftw-3.3.9/install-sh'
libdir='${exec_prefix}/lib'
libexecdir='${exec_prefix}/libexec'
localedir='${datarootdir}/locale'
localstatedir='${prefix}/var'
mandir='${datarootdir}/man'
mkdir_p='$(MKDIR_P)'
oldincludedir='/usr/include'
pdfdir='${docdir}'
prefix='/home/loayza/Documents/Research/cosmolattice/dependencies/MyLibs'
program_transform_name='s,x,x,'
psdir='${docdir}'
runstatedir='${localstatedir}/run'
sbindir='${exec_prefix}/sbin'
sharedstatedir='${prefix}/com'
sysconfdir='${prefix}/etc'
target_alias=''

## ----------- ##
## confdefs.h. ##
## ----------- ##

/* confdefs.h */
#define PACKAGE_NAME "fftw"
#define PACKAGE_TARNAME "fftw"
#define PACKAGE_VERSION "3.3.9"
#define PACKAGE_STRING "fftw 3.3.9"
#define PACKAGE_BUGREPORT "fftw@fftw.org"
#define PACKAGE_URL ""
#define PACKAGE "fftw"
#define VERSION "3.3.9"
#define FFTW_ENABLE_ALLOCA 1
#define HAVE_SSE2 1
#define HAVE_AVX 1
#define STDC_HEADERS 1
#define HAVE_SYS_TYPES_H 1
#define HAVE_SYS_STAT_H 1
#define HAVE_STDLIB_H 1
#define HAVE_STRING_H 1
#define HAVE_MEMORY_H 1
#define HAVE_STRINGS_H 1
#define HAVE_INTTYPES_H 1
#define HAVE_STDINT_H 1
#define HAVE_UNISTD_H 1
#define HAVE_DLFCN_H 1
#define LT_OBJDIR ".libs/"
#define HAVE_MPI 1
#define SIZEOF_MPI_FINT 4
#define STDC_HEADERS 1
#define HAVE_FCNTL_H 1
#define HAVE_FENV_H 1
#define HAVE_LIMITS_H 1
#define HAVE_MALLOC_H 1
#define HAVE_STDDEF_H 1
#define HAVE_SYS_TIME_H 1
#define TIME_WITH_SYS_TIME 1
#define HAVE_LONG_DOUBLE 1
#define SIZEOF_INT 4
#define SIZEOF_UNSIGNED_INT 4
#define SIZEOF_LONG 8
#define SIZEOF_UNSIGNED_LONG 8
#define SIZEOF_LONG_LONG 8
#define SIZEOF_UNSIGNED_LONG_LONG 8
#define SIZEOF_SIZE_T 8
#define SIZEOF_PTRDIFF_T 8
#define HAVE_PTRDIFF_T 1
#define HAVE_UINTPTR_T 1
#define SIZEOF_FLOAT 4
#define SIZEOF_DOUBLE 8
#define SIZEOF_FFTW_R2R_KIND 4
#define HAVE_ALLOCA_H 1
#define HAVE_ALLOCA 1
#define HAVE_VPRINTF 1
#define HAVE_LIBM 1
#define HAVE_GETTIMEOFDAY 1
#define HAVE_DRAND48 1
#define HAVE_SQRT 1
#define HAVE_MEMSET 1
#define HAVE_POSIX_MEMALIGN 1
#define HAVE_MEMALIGN 1
#define HAVE_CLOCK_GETTIME 1
#define HAVE_ABORT 1
#define HAVE_SINL 1
#define HAVE_COSL 1
#define HAVE_SNPRINTF 1
#define HAVE_MEMMOVE 1
#define HAVE_STRCHR 1
#define HAVE_GETPAGESIZE 1
#define HAVE_DECL_SINL 1
#define HAVE_DECL_COSL 1
#define HAVE_DECL_SINQ 0
#define HAVE_DECL_COSQ 0
#define HAVE_DECL_MEMALIGN 1
#define HAVE_DECL_DRAND48 1
#define HAVE_DECL_SRAND48 1
#define HAVE_DECL_POSIX_MEMALIGN 1
#define HAVE_ISNAN 1
#define HAVE_THREADS 1
#define USING_POSIX_THREADS 1
#define HAVE_THREADS 1
#define FFTW_CC "gcc -O3 -fomit-frame-pointer -mtune=native -malign-double -fstrict-aliasing -fno-schedule-insns"

configure: exit 0
